番号, 2,
名前,ディアナ
呼び名,ディアナ
CSTR,0,ロイスベル
CSTR,1,ディアナ
CSTR,3,ディアナ
CSTR,4,ディアナ
CSTR,5,ロイスベル
CSTR,6,ディアナ
CSTR,7,ディアナ
CSTR,8,人間
CSTR,99,ディアナ

基礎,体力,3500
基礎,気力,3000
基礎,精神力,3000

基礎,身長,167.3
基礎,体重,53.2
基礎,バスト,83.5;聖女ちゃんとWパイズリしたいので同じくらいで
基礎,ウェスト,55.3
基礎,ヒップ,80.7

能力,白兵,100;	「これでも各騎士団合同の練習試合で何度か優勝した経験がある白兵戦なら任せて欲しい。」

能力,操艦,75;	「聖堂騎士団は少数精鋭主義でな、人数不足を補う為に一人一人が様々な役割をこなせる様に訓練するのだ
;		　操縦訓練なら数え切れない程している、だから頼りにしてくれ。」

能力,知略,66;	「カタリナ様の護衛部隊を率いる者として、如何なる状況にも対処できる知識を持ってなければならない、
;		　腕っぷしだけで守れるならそれが一番楽なんだが、正面から正々堂々と襲いかかってくる馬鹿などいないからな。」

能力,政治,38;	「カタリナ様の専属護衛になってから様々な事を勉強するようになった…少しでもお役に立てるようにとな。」

能力,超能力,68;	「超能力はそれなりに使えるが、他の団員に比べるとそこまで巧みに操れるという訳でない。」

能力,歌唱,8;	「フッフッフッ…、随分前、落ち込んでおられたカタリナ様に少しでも気分が良くなればと、
;		　私が歌を披露した事があってだな…、私が歌い終わった後………あのお方は私の歌声を手放しで褒めてくださったのだ！
;		　だから期待してよいぞ！。よかったら今この場で一曲歌って見せようか！。」

能力,料理,17;	「料理か…、他国ではボタン一つで機械が好きな料理を作ってくれるらしいが…、
;		　生憎、アレスでは機械文明とは仲が悪い故、そういった類の機械はあまり使われていない。
;		　即ち…料理をする機会が多いのだ。だから安心しろ、私もそれなりの腕前だぞ。どれ…試しに一つ作ってやろうか？」

能力,話術,14;	「人と会話するのはあまり得意では無い……その、小さい頃にちょっとだけな。
;		　なに、そんなに大したことじゃない機会があれば話してやるさ」

能力,社交,36;	「礼儀作法なら少しだけ…自信がある。カタリナ様に恥をかかせないために、
;		　テーブルマナー…社交ダンス……言葉使い……他にも色々とな。………すべて覚えるのに…かなり苦労した…。」

能力,性知識,2;性知識をちゃんと設定してあげないと知識が０になってしまうので2くらいで
能力,肝臓,2
能力,マゾ,1
能力,露出,1

能力,主導度Ｎ,-200;積極的じゃないよ
能力,主導度Ｕ,0
能力,倒錯度,0
能力,野心,35

素質,性別,1
素質,処女,1
素質,キス未経験,1
素質,童貞,1
素質,アナル処女,1

;堅物ポンコツボッチなので素質もりもり～♪、スキルの努力家も付けたいですがキャラが採用されるか分からないので後回し

素質,気丈,1
素質,プライド高い,1
素質,自制心,1
素質,保守的,1
素質,楽観的,1

素質,一線越えない,1
素質,貞操観念,1
素質,抑圧,1
素質,孤高,1
素質,恥薄い,1

素質,痛みに強い,1
素質,習得遅い,1
素質,汚れ無視,1
素質,快感の否定,1
素質,Ｂ鈍感,1

素質,Ａ敏感,1;女騎士はアナルが弱そうなイメージがあるんです
素質,回復早い,1
素質,下戸,1;直ぐ酔っぱらってしまう女騎士ちゃんにダル絡みされたいです。


素質,成長型,9
素質,性格,1
素質,髪色,0xCFE2F3;水色
素質,髪の長さ,5;ロング
素質,姓名逆転,1

素質,Ｖ締まり,650;名器
素質,Ａ締まり,800
素質,陰毛現在値,2
素質,陰毛目標値,2
素質,腋毛現在値,0
素質,腋毛目標値,0
素質,バストサイズ,1;巨乳
素質,ヒップサイズ,1;巨尻
素質,体型,0
素質,体格,0


相性,1,500;「カタリナ様との相性はバッチリです（一方的）」


