番号, 15,
名前,7EYES,
呼び名,7EYES,
CSTR,1,7EYES,
CSTR,3,7EYES,
CSTR,4,7EYES,
CSTR,6,セブンアイズ
CSTR,7,セブンアイズ
CSTR,8,ロボット;実体はないけど
;CSTR,8,電子生命体
CSTR,99,7EYES


基礎,体力,5200,;さすがの電子データ、体力切れという概念がない
基礎,気力,1500,;だって10歳だし　デイリーで上げるデータその一
基礎,精神力,2400,;崩壊時は全データ消去して初期化するとかいう処理を組みたい（）

基礎,身長,123.1,;cm
基礎,体重,28.3,;kg　10歳としてはいささか不健康、まあスラム出身ならこんなもんか？
基礎,バスト,51.2,;cm
基礎,ウェスト,44.5,;cm
基礎,ヒップ,62.7,;cm

能力,白兵,13,;所詮スラムでご飯盗む程度の白兵よ
能力,操艦,35,;やったことはないが勉強した、促成で、体感3年間は。　上げるデータその二
能力,知略,43,;同上、ただし才能がヤヴァイ　上げるデータその三、+35は保証
能力,政治,21,;「人は船より不安定です、そう思いませんか？マスター」
能力,目星,31,;「標準兵装データベースに接続します...」

能力,歌唱,40,;楽譜データがあれば歌えるボカロ状態　「思った通りに歌うのではなく、楽譜の通りに歌うのですよ」
能力,料理,13,;スラム特製料理（10歳）
能力,話術,32,;ある意味完璧だが機械チックすぎよ
能力,社交,23,;駆け引きはできるだろうがいかんせん経験がない

能力,主導度Ｎ,-500,
能力,主導度Ｕ,0,
能力,倒錯度,0,
能力,野心,23,

;素質は縦に長くなるので目が滑らないよう五行毎に段落替え

素質,性別,1,
素質,処女,1,
素質,童貞,1,
素質,キス未経験,1,
素質,アナル処女,1,

素質,無関心,1,
素質,感情乏しい,1,
素質,貞操観念,1,
素質,抑圧,1,
素質,痛みに強い,1,

素質,習得早い,1,
素質,幼稚,1,
素質,電子生命体,1,

;以下非表示素質

素質,成長型,5,
素質,性格,1,
素質,髪色,0x381CA0,
素質,髪の長さ,6,
素質,バストサイズ,-1,

素質,ヒップサイズ,-1,
素質,体格,-1,;小柄
素質,体型,-2,;細身,もっと食べた方がいいよ
素質,Ｖ締まり,950,
素質,Ａ締まり,950,

素質,陰毛現在値,0,
素質,陰毛目標値,0,
素質,性的嗜好,1,;奉仕したい　そういう風に洗脳されてるし内心でもそう思ってる
素質,腋毛現在値,0,
素質,腋毛目標値,0,

素質,職業,パイロット,
