番号, 10,
名前,クリムヒルド
呼び名,ヒルド
CSTR,0,エーインワース
CSTR,1,クリムヒルド
CSTR,2,フォン
CSTR,3,クリムヒルド
CSTR,4,ヒルド
CSTR,5,エーインワース
CSTR,6,クリムヒルド
CSTR,7,クリムヒルド
CSTR,8,人間
CSTR,99,ヒルド

;ハールバルズ王国の貴族の娘。家出したところで巡り合う
;プライド高いが年頃のせいかエロい事に興味津々なパツキンロリ

基礎,体力,1600
基礎,気力,2500
基礎,精神力,1700

基礎,身長,138;cm　単位間違えてたら修正お願いします
基礎,体重,38;kg
基礎,バスト,65;cm
基礎,ウェスト,40.2;cm
基礎,ヒップ,60.8;cm

能力,白兵,9;箱入り娘に白兵戦なんてできるわけないだろ！
能力,操艦,10;操艦技術があったら船を持ち出している。
能力,知略,35;地頭は悪くないが勉強はサボりがち。
能力,政治,16;小娘に政治は分からぬ(ｷﾘｯ

能力,歌唱,82;地味にいい声して歌も上手いちょっと頑張ればアイドルになれる程度。
能力,料理,4;お嬢様は基本料理しない。
能力,話術,38;平均並みだがまだ未熟。
能力,社交,60;貴族のお嬢様としては及第点。

能力,主導度Ｎ,80;普段は割と積極的（ワガママとも言う）
能力,主導度Ｕ,0
能力,倒錯度,10;耳年増なせいか変わった事にも興味津々
能力,野心,35

;素質は縦に長くなるので目が滑らないよう五行毎に段落替え

素質,性別,1
素質,処女,1
素質,童貞,1
素質,キス未経験,1
素質,アナル処女,1

素質,プライド高い,1
素質,生意気,1
素質,好奇心,1
素質,目立ちたがり,1
素質,サボり魔,1

素質,舌使い,1
素質,おもらし癖,1
素質,快感に素直,1
素質,倒錯的,1
素質,謎の魅力,1

素質,回復遅い,1
素質,強運,1

;以下非表示素質

素質,成長型,7
素質,性格,4
素質,髪色,0xFDF9B
素質,髪の長さ,5
素質,姓名逆転,1

素質,Ｖ締まり,900
素質,Ａ締まり,900
素質,陰毛現在値,0;ロリはパイパンが至高異論は認めない。
素質,陰毛目標値,0

素質,バストサイズ,-1
素質,ヒップサイズ,0
素質,体型,1
素質,体格,0

