番号,8,
名前,なずな
呼び名,なずな

CSTR,0,天霧
CSTR,1,なずな
CSTR,3,ナズナ
CSTR,4,ナズナ
CSTR,5,アマギリ
CSTR,6,ナズナ
CSTR,7,ナズナ
CSTR,8,人間;（仮）
;CSTR,8,フェルパー
CSTR,99,なずな

;どっかのアステロイドにあると噂される皇国政府に追われた旧勢力の末裔が住む隠れ里出身のケモミミスペースサムライガール。
;『ナズナ・アマギリ』は民主国家人からすると「偽名と分かる偽名」。

基礎,体力,2300
基礎,気力,2000
基礎,精神力,2500

;基礎,身長,131.0
;基礎,体重,30.0
;基礎,バスト,53.0
;基礎,ウェスト,46.0
;基礎,ヒップ,67.0


素質,性別,1
素質,成長型,0;初期キャラを想定してるので万能型
素質,陰毛現在値,1
素質,陰毛目標値,2
素質,腋毛現在値,1
素質,腋毛目標値,1
素質,Ｖ締まり,1000
素質,Ａ締まり,950

素質,髪色,0xAB7051
素質,髪の長さ,4;ミドル
素質,体格,-1;小柄
素質,体型,-1;スレンダー
素質,バストサイズ,-1;ひんにう
素質,ヒップサイズ,0;ふつう

素質,気丈,1
素質,素直,1
素質,プライド高い,1
素質,生意気,1
素質,自制心,1
素質,保守的,1
素質,貞操観念,1
素質,恥薄い,1

素質,痛みに強い,1
素質,習得早い,1
素質,汚臭敏感,1
素質,快感の否定,1
素質,Ｓ気質,1
素質,謎の魅力,1

素質,Ｂ敏感,1
素質,動物耳,1
素質,しっぽ,1
素質,美脚,1

素質,処女,1
素質,童貞,1
素質,キス未経験,1
素質,アナル処女,1
;一見身持ちが固いが調教者適正もある。

能力,白兵,70
;『射撃はそれなりに。打ち込みも自信ありますよ。父上から一本取ったことも…』『え？装甲擲弾兵が居たら普通逃げますよね？』
能力,操艦,45
;『民主国家の…なんでしたっけ、蛇みたいな名前の船シリーズ。あれならライセンス持ってます』『え？この艦ってガンシップ級より大きいんです？？』
能力,知略,20
;『うーん、ああいう駆け引きはちょっと…』『三次元チェスは好きなんですけどね』
能力,政治,50
;『身に付いたかはともかく、四書五経は一通り』『そういえば、地球にも似た古典があるとか』
能力,歌唱,20
;『は？　もういい？』『まったく、これからノッてくるところなのに』
能力,料理,60
;『鍋料理のレシピを集めてます』『次の標的は社会主義国のボルシチなる料理ですね』
能力,話術,50
;『私くらい共通語を扱えるのは皇国人じゃ中々いませんよ』『減らず口ばかり回る？　それはどうも』
能力,社交,45
;『礼儀作法は相当叩き込まれました。ほら、所作のひとつひとつに高貴さが…』『何ですかその目は』
能力,野心,55
;『それなりに向上心はあるつもりです。あまり油断してると…』『え？国盗りバリアントじゃないんですか？？？』
能力,性知識,3
;『それはまあ、人並みには』『木の股から生まれたわけじゃあるまいし』
能力,肝臓,2
;『少しは嗜んでました。私の年齢だと一部地域じゃ違法らしいですね』

能力,主導度Ｎ,200
能力,主導度Ｕ,0
能力,倒錯度,0

経験,トラウマ経験,1

