番号,9,
名前,八千華
呼び名,やちか

CSTR,0,天法院
CSTR,1,八千華
CSTR,3,やちか
CSTR,4,やちか
CSTR,5,テンポウイン
CSTR,6,やちか
CSTR,7,やちか
CSTR,8,人間;（仮）
;CSTR,8,フェルパー
CSTR,99,八千華

;天法院八千華。どこぞの資産家令嬢らしいが趣味が色々と歪んでる書生系HENTAIケモミミウーマン。
;固定キャラの癖にKの野盗が売ってるランダム奴隷並に使用済み。なんなんだこいつは

基礎,体力,1800
基礎,気力,2000
基礎,精神力,3000

素質,性別,1
素質,成長型,6
素質,陰毛現在値,2
素質,陰毛目標値,4
素質,腋毛現在値,1
素質,腋毛目標値,3

素質,Ｖ締まり,550
素質,Ａ締まり,350
素質,髪色,0xA00078
素質,髪の長さ,6
素質,体格,0
素質,体型,2
素質,バストサイズ,1
素質,ヒップサイズ,1

素質,好奇心,1
素質,悲観的,1
素質,目立ちたがり,1
素質,貞操無頓着,1
素質,解放,1
素質,サボり魔,1
素質,痛みに強い,1
素質,濡れやすい,1
素質,舌使い,1
素質,自慰しやすい,1
素質,汚れ無視,1

素質,中毒しやすい,1
素質,倒錯的,1
素質,両刀,1

素質,Ｖ鈍感,1
素質,Ａ敏感,1
素質,絶倫,1
素質,動物耳,1
素質,しっぽ,1


能力,白兵,10
能力,操艦,25
能力,知略,55
能力,政治,65
能力,歌唱,45
能力,料理,20
能力,話術,55
能力,社交,60
能力,野心,10

能力,性知識,5
能力,Ｃ感,4
能力,Ｖ感,3
能力,Ａ感,5
能力,Ｂ感,4
能力,Ｍ感,2
能力,欲望,5
能力,性技,3
能力,奉仕,2
能力,性交,1

能力,レズ,3
能力,ＢＬ,2;VR発禁本で体験済み
能力,露出,3
能力,自慰,5
能力,精愛,2
能力,触手,1
能力,サド,1
能力,マゾ,5
能力,肝臓,3
能力,催眠,1

能力,主導度Ｎ,0
能力,主導度Ｕ,-500
能力,倒錯度,600


経験,絶頂経験,500
経験,苦痛快楽経験,150
経験,Ａ拡張経験,10
経験,緊縛経験,300
経験,キス経験,5
経験,口淫経験,50
経験,膣内射精経験,20
経験,口内射精経験,40
経験,腸内射精経験,50
経験,輪姦経験,15
経験,獣姦経験,10
経験,売春経験,20
経験,撮影経験,200
経験,催眠絶頂経験,10
経験,異常経験,2
