番号,14,
名前,エカ
呼び名,エカ

CSTR,1,エカ
CSTR,3,エカ
CSTR,4,エカ
CSTR,6,エカ
CSTR,7,エカ
CSTR,8,人間;（仮）
CSTR,99,エカ

;レジスタンスのお荷物ガール
;明るい性格が特徴

基礎,体力,2000
基礎,気力,2000
基礎,精神力,2000

;基礎,身長,150.0
;基礎,体重,50.0
;基礎,バスト,100.0
;基礎,ウェスト,60.0
;基礎,ヒップ,80.0


素質,性別,1
素質,成長型,0
素質,陰毛現在値,2
素質,陰毛目標値,3
素質,腋毛現在値,1
素質,腋毛目標値,1
素質,Ｖ締まり,1000
素質,Ａ締まり,1000

素質,髪色,0xCFF6FA
素質,髪の長さ,4;ミドル
素質,体格,0;普通
素質,体型,1;グラマー
素質,バストサイズ,3;超乳
素質,ヒップサイズ,1;巨尻

素質,気丈,1
素質,素直,1
素質,好奇心,1

素質,Ｂ敏感,1

素質,処女,1
素質,童貞,1
素質,キス未経験,1
素質,アナル処女,1

能力,白兵,55
能力,操艦,1
能力,知略,10
能力,政治,10
能力,歌唱,20
能力,料理,15
能力,話術,50
能力,社交,35
能力,性知識,2
能力,肝臓,1

能力,主導度Ｎ,200
能力,主導度Ｕ,0
能力,倒錯度,0

経験,デート経験,20
経験,トラウマ経験,1

