番号,7,
名前,エル,
呼び名,エル,
CSTR,0,シュテルン
CSTR,1,エル
CSTR,3,エル
CSTR,4,エル
CSTR,5,シュテルン
CSTR,6,エル
CSTR,7,エル
CSTR,8,人間
CSTR,99,エル

基礎,体力,1900
基礎,気力,1200
基礎,精神力,1800

能力,白兵,5
能力,操艦,30
能力,知略,35
能力,政治,20
能力,歌唱,20
能力,料理,35
能力,話術,40
能力,社交,20

能力,主導度Ｎ,0
能力,主導度Ｕ,0
能力,倒錯度,0
能力,野心,15
能力,性知識,2
能力,肝臓,0

素質,性別,1
素質,処女,1
素質,キス未経験,1
素質,アナル処女,1

素質,気丈,1
素質,プライド高い,1
素質,好奇心,1
素質,楽観的,1
素質,習得早い,1
素質,Ｃ敏感,1
素質,Ｍ敏感,1

素質,成長型,9
素質,性格,1
素質,髪色,0xE6E6E6
素質,髪の長さ,5
素質,姓名逆転,1

素質,Ｖ締まり,850
素質,Ａ締まり,900
素質,陰毛現在値,1
素質,陰毛目標値,1
素質,腋毛現在値,0
素質,腋毛目標値,0
素質,バストサイズ,-1
素質,ヒップサイズ,0
素質,体型,-1
素質,体格,0

