番号, 6,
名前,マウロ
呼び名,マウロ
CSTR,0,ロマネッリ
CSTR,1,マウロ
CSTR,3,マウロ
CSTR,4,マウロ
CSTR,5,ロマネッリ
CSTR,6,マウロ
CSTR,7,マウロ
CSTR,8,人間
CSTR,99,マウロ

基礎,体力,2000
基礎,気力,1500
基礎,精神力,1300

基礎,身長,168.7,;cm
基礎,体重,70.3,;kg
基礎,バスト,90,;cm
基礎,ウェスト,90,;cm
基礎,ヒップ,92,;cm

能力,白兵,42,;プロ相手は無理ですが、ヘボ海賊ぐらいなら相手できますよ
能力,操艦,60,;航路知識や緊急時の退避なら、そこら辺の航海士に負けません。
能力,知略,50,;宇宙で生き抜くには多少はズルいことも覚えませんとね。
能力,政治,48,;苦い経験もたくさんしました…今回のは堪えましたがね…
能力,歌唱,20,;私の下手な歌なんて聞いてもつまらんでしょう？
能力,料理,20,;最近の航海食は美味しくなりましたねぇ。忙しい時はこればっかりですよ	
能力,話術,60,;上手く商談を纏めるには回り道するのも必要なんですよ。釈迦に説法でしたかね？
能力,社交,60,;色々な取引先と付き合うには相手に応じたマナーがあるんです。任せてくれればお力になりますよ。	

能力,性知識,2
能力,肝臓,4
能力,性技,1
能力,欲望,1
能力,性交,2

能力,主導度Ｎ,100
能力,主導度Ｕ,200
能力,倒錯度,0
能力,野心,20,;助けてもらった恩を忘れるほど不義理じゃないつもりですよ

素質,性別,0
素質,処女,1
素質,アナル処女,1
素質,素直,1
素質,好奇心,1
素質,楽観的,1

素質,成長型,0
素質,性格,1
素質,髪色,b8860b;土色
素質,髪の長さ,2;7/3に分けてるけど、最近は頭頂部が薄くなり始めた
素質,姓名逆転,1

素質,Ｖ締まり,500
素質,Ａ締まり,500
素質,陰毛現在値,3
素質,陰毛目標値,3
素質,腋毛現在値,0
素質,腋毛目標値,0
素質,体型,1
素質,体格,0




