番号, 12,
名前,ウェイン＝５＝ロリィ
呼び名,ウェイン
CSTR,0,ロリィ
CSTR,1,ウェイン
CSTR,2,フェンフ
CSTR,3,ウェイン
CSTR,4,ウェイン
CSTR,5,ロリィ
CSTR,6,ウェイン
CSTR,7,フェンフ
CSTR,8,人間
CSTR,99,ウェイン


基礎,体力,1700
基礎,気力,2800
基礎,精神力,3600;高位超能力者なので精神力は極めて高い

基礎,身長,149;cm　単位間違えてたら修正お願いします
基礎,体重,43.3;kg
基礎,バスト,76.8;cm
基礎,ウェスト,55.2;cm
基礎,ヒップ,77.5;cm

能力,白兵,10;
能力,操艦,13
能力,知略,52
能力,政治,43

能力,超能力,85
能力,歌唱,37
能力,料理,13
能力,話術,40
能力,社交,35

能力,主導度Ｎ,-100
能力,主導度Ｕ,0
能力,倒錯度,0
能力,野心,30

;素質は縦に長くなるので目が滑らないよう五行毎に段落替え

素質,性別,1
素質,処女,1
素質,童貞,1
素質,キス未経験,1
素質,アナル処女,1

素質,大人しい,1
素質,無関心,1
素質,感情乏しい,1
素質,一線越えない,1
素質,抑圧,1

素質,快感の否定,1
素質,Ｓ気質,1
素質,魅惑,1
素質,謎の魅力,1
素質,超能力者,1

;以下非表示素質

素質,成長型,2
素質,性格,3
素質,髪色,0xD83874
素質,髪の長さ,3
素質,姓名逆転,1

素質,Ｖ締まり,870
素質,Ａ締まり,850
素質,陰毛現在値,1
素質,陰毛目標値,1

素質,バストサイズ,0
素質,ヒップサイズ,0

相性,11,50;プレアとはそれなりの関係
