番号, 13,
名前,アノニム
呼び名,アニー
CSTR,0,
CSTR,1,アノニム
CSTR,3,アノニム
CSTR,4,アノニム
CSTR,5,
CSTR,6,アノニム
CSTR,7,アノニム
CSTR,8,触手
CSTR,99,アノニム

;触手を祖とするエイリアン
;強力なテレパシーを武器に跳梁していた。
;今はあなたを母とする人間型の端末を使っているが。

基礎,体力,3200
基礎,気力,4800
基礎,精神力,99999;触手が壊れる訳ないだろ！

;３ｍのうちゅうじん
;超巨根とか絶対入らないけど触手だし良いよね
基礎,身長,385.8;cm
基礎,体重,477.3;kg
基礎,バスト,236.6;cm
基礎,ウェスト,145.0;cm
基礎,ヒップ,250.8;cm
基礎,ペニス,69.3;cm

能力,Ｃ感,7
能力,Ｖ感,7
能力,Ａ感,3
能力,Ｂ感,3
能力,Ｍ感,5
能力,Ｕ感,4
能力,欲望,9
能力,性技,7
能力,性知識,5
能力,奉仕,3
能力,性交,10
能力,露出,9
能力,自慰,5
能力,精愛,8
能力,射精,12
能力,排泄,2
能力,触手,10
能力,マゾ,3
能力,サド,9

能力,白兵,66;触手がのびまーす、そこまで白兵戦は強くない
能力,操艦,112;ラスボス候補（自身のシナリオに限る）
能力,知略,60;まあまあ頭は回る。
能力,政治,72;種族全体のことを考えて行動できる程度には活動できる
能力,超能力,75;超能力者としてはまあ一流
能力,歌唱,20;触手に歌はいらないので
能力,料理,8;女の子を料理するのは得意
能力,話術,32;人並の会話力はある
能力,社交,12;触手に何を期待しろと言うのだ……

能力,主導度Ｎ,500
能力,主導度Ｕ,1000
能力,倒錯度,1000
能力,野心,100

;素質は縦に長くなるので間隔あける

素質,性別,2

素質,気丈,1
素質,素直,1
素質,プライド高い,1

素質,好奇心,1
素質,楽観的,1
素質,目立ちたがり,1
素質,一線越えない,1
素質,貞操無頓着,1
素質,解放,1

素質,恥薄い,1
素質,サボり魔,1
素質,痛みに強い,1
素質,濡れやすい,1
素質,習得早い,1

素質,舌使い,1
素質,汚れ無視,1
素質,快感に素直,1
素質,中毒しやすい,1

素質,倒錯的,1
素質,両刀,1
素質,Ｓ気質,1
素質,小悪魔,1

素質,Ｃ敏感,1
素質,Ｖ敏感,1
素質,Ａ敏感,1
素質,Ｂ敏感,1
素質,Ｍ敏感,1
素質,Ｕ敏感,1

素質,美脚,1
素質,絶倫,1
素質,下戸,1
素質,超能力者,1
素質,チョロイン,1

;以下非表示素質

素質,成長型,9
素質,性格,4
素質,髪色,0x6C0C00
素質,髪の長さ,6
素質,姓名逆転,1

素質,Ｖ締まり,800
素質,Ａ締まり,950
素質,陰毛現在値,0
素質,陰毛目標値,0
素質,腋毛現在値,0
素質,腋毛目標値,0

素質,体格,3
素質,体型,1
素質,ペニスサイズ,2
素質,バストサイズ,2
素質,ヒップサイズ,2
