番号, X,
名前,リーシャ
呼び名,リーシャ
CSTR,0,バローネ
CSTR,1,リーシャ
CSTR,3,リーシャ
CSTR,4,リーシャ
CSTR,5,バローネ
CSTR,6,リーシャ
CSTR,7,リーシャ
CSTR,8,人間
CSTR,99,リーシャ

基礎,体力,1800
基礎,気力,1500
基礎,精神力,1200

基礎,身長,173.5
基礎,体重,54.3
基礎,バスト,86.4
基礎,ウェスト,56.7
基礎,ヒップ,81.5

能力,白兵,34;	

能力,操艦,75;	

能力,知略,40;	

能力,政治,27;	

能力,歌唱,36;	

能力,料理,48;	

能力,話術,34;	

能力,社交,46;	

能力,性知識,2
能力,肝臓,8
能力,レズ,2
能力,性技,3
能力,欲望,4

能力,奉仕,1
能力,性交,2
能力,露出,2
能力,自慰,4
能力,マゾ,2

能力,Ｃ感,2
能力,Ｂ感,3

能力,主導度Ｎ,100
能力,主導度Ｕ,200
能力,倒錯度,0
能力,野心,15

素質,性別,1
素質,処女,1
素質,キス未経験,1
素質,童貞,1
素質,アナル処女,1

素質,素直,1
素質,好奇心,1
素質,楽観的,1
素質,貞操観念,1
素質,解放,1

素質,サボり魔,1
素質,恥薄い,1
素質,自慰しやすい,1
素質,快感に素直,1
素質,中毒しやすい,1

素質,謎の魅力,1
素質,Ｃ敏感,1
素質,酒豪,1


素質,成長型,0
素質,性格,1
素質,髪色,E69138;栗色
素質,髪の長さ,4;ボブヘア
素質,姓名逆転,1

素質,Ｖ締まり,650
素質,Ａ締まり,800
素質,陰毛現在値,2
素質,陰毛目標値,2
素質,腋毛現在値,0
素質,腋毛目標値,0
素質,バストサイズ,0;並
素質,ヒップサイズ,0;並
素質,体型,1
素質,体格,1-




