;Rename.csv

;一つ目にゲームで読み込める文字列、二つ目に自分でつけたい名前にし、間をコンマ（ , ）で挟んでください。

;このファイルへの記入例）

;***********************************
;TALENT:110 , 巨乳
;NAME:10 ,  咲夜
;***********************************

;いやあ、名前がついてる変数はそのままでいいと思うけど、数字は文字に置き換えるよねそりゃ


;○TALENTの変換
TALENT:0 , TALENT:処女
TALENT:1 , TALENT:再生処女
TALENT:3 , TALENT:恋慕
TALENT:4 , TALENT:淫乱
TALENT:5 , TALENT:服従
TALENT:6 , TALENT:親愛
TALENT:娼婦 , TALENT:娼婦
TALENT:8 , TALENT:隷属
TALENT:9 , TALENT:崩壊
TALENT:10 , TALENT:臆病
TALENT:11 , TALENT:反抗的
TALENT:12 , TALENT:気丈
TALENT:13 , TALENT:素直
TALENT:14 , TALENT:大人しい
TALENT:15 , TALENT:プライド高い
TALENT:16 , TALENT:生意気
TALENT:17 , TALENT:プライド低い
TALENT:18 , TALENT:ツンデレ
TALENT:20 , TALENT:自制心
TALENT:21 , TALENT:無関心
TALENT:22 , TALENT:感情乏しい
TALENT:23 , TALENT:好奇心
TALENT:24 , TALENT:保守的
TALENT:25 , TALENT:楽観的
TALENT:26 , TALENT:悲観的
TALENT:27 , TALENT:一線越えない
TALENT:28 , TALENT:目立ちたがり
TALENT:30 , TALENT:貞操観念
TALENT:31 , TALENT:貞操無頓着
TALENT:32 , TALENT:抑圧
TALENT:33 , TALENT:解放
TALENT:34 , TALENT:抵抗
TALENT:35 , TALENT:恥じらい
TALENT:36 , TALENT:恥薄い
TALENT:37 , TALENT:弱味
TALENT:40 , TALENT:痛みに弱い
TALENT:41 , TALENT:痛みに強い
TALENT:42 , TALENT:濡れやすい
TALENT:43 , TALENT:濡れにくい
TALENT:50 , TALENT:習得早い
TALENT:51 , TALENT:習得遅い
TALENT:52 , TALENT:舌使い
TALENT:53 , TALENT:針さばき
TALENT:54 , TALENT:猫舌
TALENT:55 , TALENT:調合知識
TALENT:56 , TALENT:薬毒耐性
TALENT:57 , TALENT:おもらし癖
TALENT:60 , TALENT:自慰しやすい
TALENT:61 , TALENT:汚臭鈍感
TALENT:62 , TALENT:汚臭敏感
TALENT:63 , TALENT:献身的
TALENT:64 , TALENT:汚れ無視
TALENT:70 , TALENT:快感に素直
TALENT:71 , TALENT:快感の否定
TALENT:72 , TALENT:中毒しやすい
TALENT:73 , TALENT:即落ち
TALENT:74 , TALENT:自慰狂い
TALENT:75 , TALENT:セックス狂
TALENT:76 , TALENT:尻穴狂い
TALENT:77 , TALENT:淫乳
TALENT:80 , TALENT:倒錯的
TALENT:81 , TALENT:両刀
TALENT:82 , TALENT:男嫌い
TALENT:83 , TALENT:サド
TALENT:84 , TALENT:マゾ
TALENT:85 , TALENT:嫉妬
TALENT:86 , TALENT:妄信
TALENT:87 , TALENT:小悪魔
TALENT:88 , TALENT:女嫌い
TALENT:90 , TALENT:狐
TALENT:91 , TALENT:妖狐
TALENT:92 , TALENT:魅力
TALENT:93 , TALENT:魅惑
TALENT:94 , TALENT:謎の魅力
TALENT:100 , TALENT:小柄体型
TALENT:101 , TALENT:Ｃ鈍感
TALENT:102 , TALENT:Ｃ敏感
TALENT:103 , TALENT:Ｖ鈍感
TALENT:104 , TALENT:Ｖ敏感
TALENT:105 , TALENT:Ａ鈍感
TALENT:106 , TALENT:Ａ敏感
TALENT:107 , TALENT:Ｂ鈍感
TALENT:108 , TALENT:Ｂ敏感
TALENT:109 , TALENT:貧乳
TALENT:110 , TALENT:絶壁
TALENT:111 , TALENT:巨乳
TALENT:112 , TALENT:爆乳
TALENT:130 , TALENT:回復早い
TALENT:131 , TALENT:回復遅い
TALENT:132 , TALENT:吸血鬼
TALENT:133 , TALENT:日光浴
TALENT:134 , TALENT:月光浴
TALENT:135 , TALENT:治療
TALENT:136 , TALENT:鼓舞
TALENT:137 , TALENT:半人半妖
TALENT:138 , TALENT:不思議な根
TALENT:139 , TALENT:ふたなり
TALENT:140 , TALENT:オトコ
TALENT:141 , TALENT:狂気
TALENT:142 , TALENT:小人体型
TALENT:143 , TALENT:動物耳
TALENT:144 , TALENT:禁断の知識
TALENT:145 , TALENT:人気
TALENT:146 , TALENT:具現
TALENT:147 , TALENT:蓬莱人
TALENT:148 , TALENT:狂気の目
TALENT:149 , TALENT:母乳体質
TALENT:150 , TALENT:幼児／幼児退行
TALENT:151 , TALENT:幼稚
TALENT:152 , TALENT:絶倫
TALENT:153 , TALENT:妊娠
TALENT:154 , TALENT:育児中
TALENT:155 , TALENT:母性
TALENT:156 , TALENT:覚


;○ABLへ変換
ABL:0 , ABL:従順
ABL:1 , ABL:欲望
ABL:2 , ABL:技巧
ABL:3 , ABL:Ｃ感覚
ABL:4 , ABL:Ｖ感覚
ABL:5 , ABL:Ａ感覚
ABL:6 , ABL:Ｂ感覚
ABL:7 , ABL:奉仕精神
ABL:8 , ABL:露出癖
ABL:9 , ABL:マゾっ気
ABL:10 , ABL:サドっ気
ABL:11 , ABL:レズっ気
ABL:12 , ABL:料理技能
ABL:13 , ABL:撮影技能
ABL:14 , ABL:歌唱技能
ABL:15 , ABL:自慰中毒
ABL:16 , ABL:精液中毒
ABL:17 , ABL:レズ中毒
ABL:18 , ABL:セックス中毒
ABL:19 , ABL:噴乳中毒
ABL:20 , ABL:ホモっ気
ABL:21 , ABL:ゲイ中毒
ABL:22 , ABL:話術技能

ABL:50 , ABL:操船
ABL:51 , ABL:白兵
ABL:52 , ABL:社交
ABL:53 , ABL:マナー

;○JUELへ変換
JUEL:0 , JUEL:快Ｃ
JUEL:1 , JUEL:快Ｖ
JUEL:2 , JUEL:快Ａ
JUEL:4 , JUEL:恭順
JUEL:5 , JUEL:欲情
JUEL:6 , JUEL:屈服
JUEL:7 , JUEL:習得
JUEL:8 , JUEL:恥情
JUEL:9 , JUEL:苦痛
JUEL:10 , JUEL:恐怖
JUEL:14 , JUEL:快Ｂ
JUEL:100 , JUEL:否定

;○経験へ変換
EXP:0 , EXP:Ｖ経験
EXP:1 , EXP:Ａ経験
EXP:2 , EXP:絶頂経験
EXP:3 , EXP:射精経験
EXP:4 , EXP:性交経験
EXP:5 , EXP:膣射経験
EXP:10 , EXP:自慰経験
EXP:11 , EXP:調教自慰経験
EXP:20 , EXP:精液経験
EXP:21 , EXP:奉仕快楽経験
EXP:22 , EXP:フェラ経験
EXP:23 , EXP:愛情経験
EXP:30 , EXP:苦痛快楽経験
EXP:31 , EXP:放尿経験
EXP:32 , EXP:嗜虐快楽経験
EXP:40 , EXP:レズ経験
EXP:41 , EXP:ゲイ経験
EXP:50 , EXP:異常経験
EXP:51 , EXP:緊縛経験
EXP:52 , EXP:Ｖ拡張経験
EXP:53 , EXP:Ａ拡張経験
EXP:54 , EXP:噴乳経験
EXP:55 , EXP:触手経験
EXP:56 , EXP:吸血経験
EXP:60 , EXP:出産経験
EXP:61 , EXP:家事経験
EXP:62 , EXP:撮影経験
EXP:63 , EXP:被写経験
EXP:64 , EXP:歌唱経験
EXP:70 , EXP:調教経験

;○道具へ変換
ITEM:0 , ITEM:ローター
ITEM:1 , ITEM:Ｅマッサージャ
ITEM:2 , ITEM:クリキャップ
ITEM:3 , ITEM:オナホール
ITEM:4 , ITEM:バイブ
ITEM:5 , ITEM:アナルバイブ
ITEM:6 , ITEM:アナルビーズ
ITEM:7 , ITEM:空気ポンプ
ITEM:8 , ITEM:拡張バルーン
ITEM:9 , ITEM:浣腸器＋プラグ
ITEM:10 , ITEM:ニプルキャップ
ITEM:11 , ITEM:搾乳器
ITEM:12 , ITEM:ペニスバンド
ITEM:13 , ITEM:鞭
ITEM:14 , ITEM:針
ITEM:15 , ITEM:アイマスク
ITEM:16 , ITEM:縄
ITEM:17 , ITEM:ボールギャグ
ITEM:18 , ITEM:ビデオカメラ
ITEM:19 , ITEM:カメラ
ITEM:20 , ITEM:プレイマット
ITEM:21 , ITEM:大鏡
ITEM:22 , ITEM:首輪
ITEM:23 , ITEM:エプロン
ITEM:24 , ITEM:電極プラグ
ITEM:25 , ITEM:触手使役術
ITEM:26 , ITEM:コスプレセット
ITEM:40 , ITEM:ローション
ITEM:41 , ITEM:媚薬
ITEM:42 , ITEM:利尿剤
ITEM:43 , ITEM:ビデオテープ
ITEM:44 , ITEM:フィルム
ITEM:45 , ITEM:コンドーム
ITEM:46 , ITEM:低温蝋燭
ITEM:47 , ITEM:強精神薬
ITEM:60 , ITEM:【汚れ無視】
ITEM:61 , ITEM:【調合知識】
ITEM:62 , ITEM:【禁断の知識】
ITEM:70 , ITEM:元気になる薬
ITEM:71 , ITEM:薬の材料(双)
ITEM:72 , ITEM:薬の材料(消)
ITEM:73 , ITEM:青いキャンディ
ITEM:74 , ITEM:赤いキャンディ
ITEM:75 , ITEM:豊胸剤
ITEM:76 , ITEM:縮胸剤
ITEM:77 , ITEM:抑プロラクチン薬
ITEM:78 , ITEM:３環系抗鬱薬
ITEM:79 , ITEM:黄色のキャンディ
ITEM:90 , ITEM:記憶消去薬
ITEM:91 , ITEM:排卵誘発剤
ITEM:92 , ITEM:子宮内避妊具
ITEM:100 , ITEM:ショウタ
ITEM:101 , ITEM:アイ
ITEM:102 , ITEM:マキ
ITEM:103 , ITEM:ゆかり
ITEM:104 , ITEM:ずん子
ITEM:105 , ITEM:茜
ITEM:106 , ITEM:葵
ITEM:107 , ITEM:コウ
ITEM:108 , ITEM:セイカ
ITEM:109 , ITEM:きりたん
ITEM:149 , ITEM:ささら
ITEM:150 , ITEM:つづみ
ITEM:151 , ITEM:タカハシ
ITEM:152 , ITEM:ＯＮＥ
ITEM:153 , ITEM:ＩＡ

;○刻印へ変換
MARK:0 , MARK:苦痛刻印
MARK:1 , MARK:快楽刻印
MARK:2 , MARK:屈服刻印
MARK:3 , MARK:反発刻印

;○パラへ変換
PALAM:0 , PARAM:快Ｃ
PALAM:1 , PARAM:快Ｖ
PALAM:2 , PARAM:快Ａ
PALAM:3 , PARAM:快Ｂ
PALAM:4 , PARAM:潤滑
PALAM:5 , PARAM:恭順
PALAM:6 , PARAM:欲情
PALAM:7 , PARAM:屈服
PALAM:8 , PARAM:習得
PALAM:9 , PARAM:恥情
PALAM:10 , PARAM:苦痛
PALAM:11 , PARAM:恐怖
PALAM:12 , PARAM:反感
PALAM:13 , PARAM:不快
PALAM:14 , PARAM:抑鬱
PALAM:100 , PARAM:否定

;○調教へ変換
TRAIN:0 , TRAIN:愛撫
TRAIN:1 , TRAIN:クンニ
TRAIN:2 , TRAIN:フェラする
TRAIN:3 , TRAIN:指挿入れ
TRAIN:4 , TRAIN:アナル舐め
TRAIN:5 , TRAIN:アナル愛撫
TRAIN:6 , TRAIN:胸揉み
TRAIN:7 , TRAIN:乳首責め
TRAIN:8 , TRAIN:胸愛撫
TRAIN:9 , TRAIN:秘貝開帳
TRAIN:10 , TRAIN:胸自慰
TRAIN:11 , TRAIN:自慰
TRAIN:20 , TRAIN:キスする
TRAIN:21 , TRAIN:何もしない
TRAIN:22 , TRAIN:会話
TRAIN:23 , TRAIN:プレゼント
TRAIN:24 , TRAIN:スキンシップ
TRAIN:25 , TRAIN:まったりする
TRAIN:26 , TRAIN:家事
TRAIN:27 , TRAIN:歌の練習
TRAIN:28 , TRAIN:罵倒
TRAIN:29 , TRAIN:ビデオ鑑賞
TRAIN:40 , TRAIN:ローター
TRAIN:41 , TRAIN:Ｅマッサージャ
TRAIN:42 , TRAIN:クリキャップ
TRAIN:43 , TRAIN:オナホール
TRAIN:44 , TRAIN:バイブ
TRAIN:45 , TRAIN:アナルバイブ
TRAIN:46 , TRAIN:アナルビーズ
TRAIN:47 , TRAIN:ニプルキャップ
TRAIN:48 , TRAIN:乳首ローター
TRAIN:49 , TRAIN:搾乳機
TRAIN:60 , TRAIN:正常位
TRAIN:61 , TRAIN:後背位
TRAIN:62 , TRAIN:正常位アナル
TRAIN:63 , TRAIN:後背位アナル
TRAIN:64 , TRAIN:逆レイプ
TRAIN:65 , TRAIN:乳ファック
TRAIN:66 , TRAIN:騎乗位
TRAIN:67 , TRAIN:騎乗位アナル
TRAIN:68 , TRAIN:対面座位
TRAIN:69 , TRAIN:背面座位
TRAIN:70 , TRAIN:対面座位アナル
TRAIN:71 , TRAIN:背面座位アナル
TRAIN:72 , TRAIN:下着ずらし挿入
TRAIN:73 , TRAIN:下着ずらし挿入アナル
TRAIN:80 , TRAIN:手淫
TRAIN:81 , TRAIN:フェラチオ
TRAIN:82 , TRAIN:パイズリ
TRAIN:83 , TRAIN:素股
TRAIN:84 , TRAIN:泡踊り
TRAIN:85 , TRAIN:足扱き
TRAIN:86 , TRAIN:足舐め強制
TRAIN:87 , TRAIN:縦パイズリ
TRAIN:88 , TRAIN:パイズリフェラ
TRAIN:89 , TRAIN:母乳飲み
TRAIN:100 , TRAIN:スパンキング
TRAIN:101 , TRAIN:乳スパンキング
TRAIN:102 , TRAIN:鞭
TRAIN:103 , TRAIN:蝋燭
TRAIN:104 , TRAIN:針
TRAIN:105 , TRAIN:アイマスク
TRAIN:106 , TRAIN:縄
TRAIN:107 , TRAIN:ボールギャグ
TRAIN:120 , TRAIN:クンニ強制
TRAIN:121 , TRAIN:貝あわせ
TRAIN:122 , TRAIN:助手を犯させる
TRAIN:123 , TRAIN:足コキする
TRAIN:124 , TRAIN:ダブルフェラ
TRAIN:125 , TRAIN:ダブルパイズリ
TRAIN:126 , TRAIN:乳の揉み合い
TRAIN:140 , TRAIN:イラマチオ
TRAIN:141 , TRAIN:フィストファック
TRAIN:142 , TRAIN:アナルフィスト
TRAIN:143 , TRAIN:両穴フィスト
TRAIN:144 , TRAIN:放尿
TRAIN:145 , TRAIN:アナル奉仕強制
TRAIN:146 , TRAIN:浣腸器＋プラグ
TRAIN:147 , TRAIN:空気浣腸
TRAIN:148 , TRAIN:拡張バルーン
TRAIN:149 , TRAIN:アナル電極
TRAIN:150 , TRAIN:乳房電極
TRAIN:151 , TRAIN:鰻風呂
TRAIN:152 , TRAIN:蟲風呂
TRAIN:160 , TRAIN:触手召喚
TRAIN:161 , TRAIN:触手挿入
TRAIN:162 , TRAIN:アナル触手
TRAIN:163 , TRAIN:触手クリ責め
TRAIN:164 , TRAIN:触手乳首責め
TRAIN:165 , TRAIN:触手搾乳
TRAIN:166 , TRAIN:触手緊縛
TRAIN:167 , TRAIN:触手浣腸
TRAIN:168 , TRAIN:触手口辱
TRAIN:169 , TRAIN:触手ペニス責め
TRAIN:180 , TRAIN:ローション
TRAIN:181 , TRAIN:媚薬
TRAIN:182 , TRAIN:利尿剤
TRAIN:183 , TRAIN:ビデオカメラ
TRAIN:184 , TRAIN:野外プレイ
TRAIN:185 , TRAIN:助手を犯す
TRAIN:186 , TRAIN:羞恥プレイ
TRAIN:187 , TRAIN:お風呂場プレイ
TRAIN:188 , TRAIN:シャワー
TRAIN:189 , TRAIN:新妻プレイ
TRAIN:190 , TRAIN:写真撮影
TRAIN:191 , TRAIN:強精神薬
TRAIN:192 , TRAIN:コンドーム精飲（奴隷）
TRAIN:193 , TRAIN:コンドーム精飲（助手）
TRAIN:194 , TRAIN:ザーメンキス
TRAIN:200 , TRAIN:犯させる

;◆eramakerViewによる拡張項目
;●基礎パラへ変換
BASE:0 , PARAM:体力
BASE:1 , BASE:気力
BASE:2 , BASE:射精

;●BASE:調教者へ変換
BASE:PLAYER:0 , BASE:PLAYER:体力
BASE:PLAYER:1 , BASE:PLAYER:気力
BASE:PLAYER:2 , BASE:PLAYER:射精

;●BASE:主人へ変換
BASE:MASTER:0 , BASE:MASTER:体力
BASE:MASTER:1 , BASE:MASTER:気力
BASE:MASTER:2 , BASE:MASTER:射精

;●BASE:助手へ変換
BASE:ASSI:0 , BASE:ASSI:体力
BASE:ASSI:1 , BASE:ASSI:気力
BASE:ASSI:2 , BASE:ASSI:射精

;●BASE:奴隷へ変換
BASE:TARGET:0 , BASE:TARGET:体力
BASE:TARGET:1 , BASE:TARGET:気力
BASE:TARGET:2 , BASE:TARGET:射精

;●TALENT名称へ変換
TALENTNAME:0 , TALENTNAME:処女
TALENTNAME:1 , TALENTNAME:再生処女
TALENTNAME:3 , TALENTNAME:恋慕
TALENTNAME:4 , TALENTNAME:淫乱
TALENTNAME:5 , TALENTNAME:服従
TALENTNAME:6 , TALENTNAME:親愛
TALENTNAME:7 , TALENTNAME:娼婦
TALENTNAME:8 , TALENTNAME:隷属
TALENTNAME:9 , TALENTNAME:崩壊
TALENTNAME:10 , TALENTNAME:臆病
TALENTNAME:11 , TALENTNAME:反抗的
TALENTNAME:12 , TALENTNAME:気丈
TALENTNAME:13 , TALENTNAME:素直
TALENTNAME:14 , TALENTNAME:大人しい
TALENTNAME:15 , TALENTNAME:プライド高い
TALENTNAME:16 , TALENTNAME:生意気
TALENTNAME:17 , TALENTNAME:プライド低い
TALENTNAME:18 , TALENTNAME:ツンデレ
TALENTNAME:20 , TALENTNAME:自制心
TALENTNAME:21 , TALENTNAME:無関心
TALENTNAME:22 , TALENTNAME:感情乏しい
TALENTNAME:23 , TALENTNAME:好奇心
TALENTNAME:24 , TALENTNAME:保守的
TALENTNAME:25 , TALENTNAME:楽観的
TALENTNAME:26 , TALENTNAME:悲観的
TALENTNAME:27 , TALENTNAME:一線越えない
TALENTNAME:28 , TALENTNAME:目立ちたがり
TALENTNAME:30 , TALENTNAME:貞操観念
TALENTNAME:31 , TALENTNAME:貞操無頓着
TALENTNAME:32 , TALENTNAME:抑圧
TALENTNAME:33 , TALENTNAME:解放
TALENTNAME:34 , TALENTNAME:抵抗
TALENTNAME:35 , TALENTNAME:恥じらい
TALENTNAME:36 , TALENTNAME:恥薄い
TALENTNAME:37 , TALENTNAME:弱味
TALENTNAME:40 , TALENTNAME:痛みに弱い
TALENTNAME:41 , TALENTNAME:痛みに強い
TALENTNAME:42 , TALENTNAME:濡れやすい
TALENTNAME:43 , TALENTNAME:濡れにくい
TALENTNAME:50 , TALENTNAME:習得早い
TALENTNAME:51 , TALENTNAME:習得遅い
TALENTNAME:52 , TALENTNAME:舌使い
TALENTNAME:53 , TALENTNAME:針さばき
TALENTNAME:54 , TALENTNAME:猫舌
TALENTNAME:55 , TALENTNAME:調合知識
TALENTNAME:56 , TALENTNAME:薬毒耐性
TALENTNAME:57 , TALENTNAME:おもらし癖
TALENTNAME:60 , TALENTNAME:自慰しやすい
TALENTNAME:61 , TALENTNAME:汚臭鈍感
TALENTNAME:62 , TALENTNAME:汚臭敏感
TALENTNAME:63 , TALENTNAME:献身的
TALENTNAME:64 , TALENTNAME:汚れ無視
TALENTNAME:70 , TALENTNAME:快感に素直
TALENTNAME:71 , TALENTNAME:快感の否定
TALENTNAME:72 , TALENTNAME:中毒しやすい
TALENTNAME:73 , TALENTNAME:即落ち
TALENTNAME:74 , TALENTNAME:自慰狂い
TALENTNAME:75 , TALENTNAME:セックス狂
TALENTNAME:76 , TALENTNAME:尻穴狂い
TALENTNAME:77 , TALENTNAME:淫乳
TALENTNAME:80 , TALENTNAME:倒錯的
TALENTNAME:81 , TALENTNAME:両刀
TALENTNAME:82 , TALENTNAME:男嫌い
TALENTNAME:83 , TALENTNAME:サド
TALENTNAME:84 , TALENTNAME:マゾ
TALENTNAME:85 , TALENTNAME:嫉妬
TALENTNAME:86 , TALENTNAME:妄信
TALENTNAME:87 , TALENTNAME:小悪魔
TALENTNAME:88 , TALENTNAME:女嫌い
TALENTNAME:90 , TALENTNAME:狐
TALENTNAME:91 , TALENTNAME:妖狐
TALENTNAME:92 , TALENTNAME:魅力
TALENTNAME:93 , TALENTNAME:魅惑
TALENTNAME:94 , TALENTNAME:謎の魅力
TALENTNAME:100 , TALENTNAME:小柄体型
TALENTNAME:101 , TALENTNAME:Ｃ鈍感
TALENTNAME:102 , TALENTNAME:Ｃ敏感
TALENTNAME:103 , TALENTNAME:Ｖ鈍感
TALENTNAME:104 , TALENTNAME:Ｖ敏感
TALENTNAME:105 , TALENTNAME:Ａ鈍感
TALENTNAME:106 , TALENTNAME:Ａ敏感
TALENTNAME:107 , TALENTNAME:Ｂ鈍感
TALENTNAME:108 , TALENTNAME:Ｂ敏感
TALENTNAME:109 , TALENTNAME:貧乳
TALENTNAME:110 , TALENTNAME:絶壁
TALENTNAME:111 , TALENTNAME:巨乳
TALENTNAME:112 , TALENTNAME:爆乳
TALENTNAME:130 , TALENTNAME:回復早い
TALENTNAME:131 , TALENTNAME:回復遅い
TALENTNAME:132 , TALENTNAME:吸血鬼
TALENTNAME:133 , TALENTNAME:日光浴
TALENTNAME:134 , TALENTNAME:月光浴
TALENTNAME:135 , TALENTNAME:治療
TALENTNAME:136 , TALENTNAME:鼓舞
TALENTNAME:137 , TALENTNAME:半人半妖
TALENTNAME:138 , TALENTNAME:不思議な根
TALENTNAME:139 , TALENTNAME:ふたなり
TALENTNAME:140 , TALENTNAME:オトコ
TALENTNAME:141 , TALENTNAME:狂気
TALENTNAME:142 , TALENTNAME:小人体型
TALENTNAME:143 , TALENTNAME:動物耳
TALENTNAME:144 , TALENTNAME:禁断の知識
TALENTNAME:145 , TALENTNAME:人気
TALENTNAME:146 , TALENTNAME:具現
TALENTNAME:147 , TALENTNAME:蓬莱人
TALENTNAME:148 , TALENTNAME:狂気の目
TALENTNAME:149 , TALENTNAME:母乳体質
TALENTNAME:150 , TALENTNAME:幼児／幼児退行
TALENTNAME:151 , TALENTNAME:幼稚
TALENTNAME:152 , TALENTNAME:絶倫
TALENTNAME:153 , TALENTNAME:妊娠
TALENTNAME:154 , TALENTNAME:育児中
TALENTNAME:155 , TALENTNAME:母性
TALENTNAME:156 , TALENTNAME:覚

;●TALENT:調教者へ変換
TALENT:PLAYER:0 , TALENT:PLAYER:処女
TALENT:PLAYER:1 , TALENT:PLAYER:再生処女
TALENT:PLAYER:3 , TALENT:PLAYER:恋慕
TALENT:PLAYER:4 , TALENT:PLAYER:淫乱
TALENT:PLAYER:5 , TALENT:PLAYER:服従
TALENT:PLAYER:6 , TALENT:PLAYER:親愛
TALENT:PLAYER:娼婦 , TALENT:PLAYER:娼婦
TALENT:PLAYER:8 , TALENT:PLAYER:隷属
TALENT:PLAYER:9 , TALENT:PLAYER:崩壊
TALENT:PLAYER:10 , TALENT:PLAYER:臆病
TALENT:PLAYER:11 , TALENT:PLAYER:反抗的
TALENT:PLAYER:12 , TALENT:PLAYER:気丈
TALENT:PLAYER:13 , TALENT:PLAYER:素直
TALENT:PLAYER:14 , TALENT:PLAYER:大人しい
TALENT:PLAYER:15 , TALENT:PLAYER:プライド高い
TALENT:PLAYER:16 , TALENT:PLAYER:生意気
TALENT:PLAYER:17 , TALENT:PLAYER:プライド低い
TALENT:PLAYER:18 , TALENT:PLAYER:ツンデレ
TALENT:PLAYER:20 , TALENT:PLAYER:自制心
TALENT:PLAYER:21 , TALENT:PLAYER:無関心
TALENT:PLAYER:22 , TALENT:PLAYER:感情乏しい
TALENT:PLAYER:23 , TALENT:PLAYER:好奇心
TALENT:PLAYER:24 , TALENT:PLAYER:保守的
TALENT:PLAYER:25 , TALENT:PLAYER:楽観的
TALENT:PLAYER:26 , TALENT:PLAYER:悲観的
TALENT:PLAYER:27 , TALENT:PLAYER:一線越えない
TALENT:PLAYER:28 , TALENT:PLAYER:目立ちたがり
TALENT:PLAYER:30 , TALENT:PLAYER:貞操観念
TALENT:PLAYER:31 , TALENT:PLAYER:貞操無頓着
TALENT:PLAYER:32 , TALENT:PLAYER:抑圧
TALENT:PLAYER:33 , TALENT:PLAYER:解放
TALENT:PLAYER:34 , TALENT:PLAYER:抵抗
TALENT:PLAYER:35 , TALENT:PLAYER:恥じらい
TALENT:PLAYER:36 , TALENT:PLAYER:恥薄い
TALENT:PLAYER:37 , TALENT:PLAYER:弱味
TALENT:PLAYER:40 , TALENT:PLAYER:痛みに弱い
TALENT:PLAYER:41 , TALENT:PLAYER:痛みに強い
TALENT:PLAYER:42 , TALENT:PLAYER:濡れやすい
TALENT:PLAYER:43 , TALENT:PLAYER:濡れにくい
TALENT:PLAYER:50 , TALENT:PLAYER:習得早い
TALENT:PLAYER:51 , TALENT:PLAYER:習得遅い
TALENT:PLAYER:52 , TALENT:PLAYER:舌使い
TALENT:PLAYER:53 , TALENT:PLAYER:針さばき
TALENT:PLAYER:54 , TALENT:PLAYER:猫舌
TALENT:PLAYER:55 , TALENT:PLAYER:調合知識
TALENT:PLAYER:56 , TALENT:PLAYER:薬毒耐性
TALENT:PLAYER:57 , TALENT:PLAYER:おもらし癖
TALENT:PLAYER:60 , TALENT:PLAYER:自慰しやすい
TALENT:PLAYER:61 , TALENT:PLAYER:汚臭鈍感
TALENT:PLAYER:62 , TALENT:PLAYER:汚臭敏感
TALENT:PLAYER:63 , TALENT:PLAYER:献身的
TALENT:PLAYER:64 , TALENT:PLAYER:汚れ無視
TALENT:PLAYER:70 , TALENT:PLAYER:快感に素直
TALENT:PLAYER:71 , TALENT:PLAYER:快感の否定
TALENT:PLAYER:72 , TALENT:PLAYER:中毒しやすい
TALENT:PLAYER:73 , TALENT:PLAYER:即落ち
TALENT:PLAYER:74 , TALENT:PLAYER:自慰狂い
TALENT:PLAYER:75 , TALENT:PLAYER:セックス狂
TALENT:PLAYER:76 , TALENT:PLAYER:尻穴狂い
TALENT:PLAYER:77 , TALENT:PLAYER:淫乳
TALENT:PLAYER:80 , TALENT:PLAYER:倒錯的
TALENT:PLAYER:81 , TALENT:PLAYER:両刀
TALENT:PLAYER:82 , TALENT:PLAYER:男嫌い
TALENT:PLAYER:83 , TALENT:PLAYER:サド
TALENT:PLAYER:84 , TALENT:PLAYER:マゾ
TALENT:PLAYER:85 , TALENT:PLAYER:嫉妬
TALENT:PLAYER:86 , TALENT:PLAYER:妄信
TALENT:PLAYER:87 , TALENT:PLAYER:小悪魔
TALENT:PLAYER:88 , TALENT:PLAYER:女嫌い
TALENT:PLAYER:90 , TALENT:PLAYER:狐
TALENT:PLAYER:91 , TALENT:PLAYER:妖狐
TALENT:PLAYER:92 , TALENT:PLAYER:魅力
TALENT:PLAYER:93 , TALENT:PLAYER:魅惑
TALENT:PLAYER:94 , TALENT:PLAYER:謎の魅力
TALENT:PLAYER:100 , TALENT:PLAYER:小柄体型
TALENT:PLAYER:101 , TALENT:PLAYER:Ｃ鈍感
TALENT:PLAYER:102 , TALENT:PLAYER:Ｃ敏感
TALENT:PLAYER:103 , TALENT:PLAYER:Ｖ鈍感
TALENT:PLAYER:104 , TALENT:PLAYER:Ｖ敏感
TALENT:PLAYER:105 , TALENT:PLAYER:Ａ鈍感
TALENT:PLAYER:106 , TALENT:PLAYER:Ａ敏感
TALENT:PLAYER:107 , TALENT:PLAYER:Ｂ鈍感
TALENT:PLAYER:108 , TALENT:PLAYER:Ｂ敏感
TALENT:PLAYER:109 , TALENT:PLAYER:貧乳
TALENT:PLAYER:110 , TALENT:PLAYER:絶壁
TALENT:PLAYER:111 , TALENT:PLAYER:巨乳
TALENT:PLAYER:112 , TALENT:PLAYER:爆乳
TALENT:PLAYER:130 , TALENT:PLAYER:回復早い
TALENT:PLAYER:131 , TALENT:PLAYER:回復遅い
TALENT:PLAYER:132 , TALENT:PLAYER:吸血鬼
TALENT:PLAYER:133 , TALENT:PLAYER:日光浴
TALENT:PLAYER:134 , TALENT:PLAYER:月光浴
TALENT:PLAYER:135 , TALENT:PLAYER:治療
TALENT:PLAYER:136 , TALENT:PLAYER:鼓舞
TALENT:PLAYER:137 , TALENT:PLAYER:半人半妖
TALENT:PLAYER:138 , TALENT:PLAYER:不思議な根
TALENT:PLAYER:139 , TALENT:PLAYER:ふたなり
TALENT:PLAYER:140 , TALENT:PLAYER:オトコ
TALENT:PLAYER:141 , TALENT:PLAYER:狂気
TALENT:PLAYER:142 , TALENT:PLAYER:小人体型
TALENT:PLAYER:143 , TALENT:PLAYER:動物耳
TALENT:PLAYER:144 , TALENT:PLAYER:禁断の知識
TALENT:PLAYER:145 , TALENT:PLAYER:人気
TALENT:PLAYER:146 , TALENT:PLAYER:具現
TALENT:PLAYER:147 , TALENT:PLAYER:蓬莱人
TALENT:PLAYER:148 , TALENT:PLAYER:狂気の目
TALENT:PLAYER:149 , TALENT:PLAYER:母乳体質
TALENT:PLAYER:150 , TALENT:PLAYER:幼児／幼児退行
TALENT:PLAYER:151 , TALENT:PLAYER:幼稚
TALENT:PLAYER:152 , TALENT:PLAYER:絶倫
TALENT:PLAYER:153 , TALENT:PLAYER:妊娠
TALENT:PLAYER:154 , TALENT:PLAYER:育児中
TALENT:PLAYER:155 , TALENT:PLAYER:母性
TALENT:PLAYER:156 , TALENT:PLAYER:覚

;●TALENT:主人へ変換
TALENT:MASTER:0 , TALENT:MASTER:処女
TALENT:MASTER:1 , TALENT:MASTER:再生処女
TALENT:MASTER:3 , TALENT:MASTER:恋慕
TALENT:MASTER:4 , TALENT:MASTER:淫乱
TALENT:MASTER:5 , TALENT:MASTER:服従
TALENT:MASTER:6 , TALENT:MASTER:親愛
TALENT:MASTER:娼婦 , TALENT:MASTER:娼婦
TALENT:MASTER:8 , TALENT:MASTER:隷属
TALENT:MASTER:9 , TALENT:MASTER:崩壊
TALENT:MASTER:10 , TALENT:MASTER:臆病
TALENT:MASTER:11 , TALENT:MASTER:反抗的
TALENT:MASTER:12 , TALENT:MASTER:気丈
TALENT:MASTER:13 , TALENT:MASTER:素直
TALENT:MASTER:14 , TALENT:MASTER:大人しい
TALENT:MASTER:15 , TALENT:MASTER:プライド高い
TALENT:MASTER:16 , TALENT:MASTER:生意気
TALENT:MASTER:17 , TALENT:MASTER:プライド低い
TALENT:MASTER:18 , TALENT:MASTER:ツンデレ
TALENT:MASTER:20 , TALENT:MASTER:自制心
TALENT:MASTER:21 , TALENT:MASTER:無関心
TALENT:MASTER:22 , TALENT:MASTER:感情乏しい
TALENT:MASTER:23 , TALENT:MASTER:好奇心
TALENT:MASTER:24 , TALENT:MASTER:保守的
TALENT:MASTER:25 , TALENT:MASTER:楽観的
TALENT:MASTER:26 , TALENT:MASTER:悲観的
TALENT:MASTER:27 , TALENT:MASTER:一線越えない
TALENT:MASTER:28 , TALENT:MASTER:目立ちたがり
TALENT:MASTER:30 , TALENT:MASTER:貞操観念
TALENT:MASTER:31 , TALENT:MASTER:貞操無頓着
TALENT:MASTER:32 , TALENT:MASTER:抑圧
TALENT:MASTER:33 , TALENT:MASTER:解放
TALENT:MASTER:34 , TALENT:MASTER:抵抗
TALENT:MASTER:35 , TALENT:MASTER:恥じらい
TALENT:MASTER:36 , TALENT:MASTER:恥薄い
TALENT:MASTER:37 , TALENT:MASTER:弱味
TALENT:MASTER:40 , TALENT:MASTER:痛みに弱い
TALENT:MASTER:41 , TALENT:MASTER:痛みに強い
TALENT:MASTER:42 , TALENT:MASTER:濡れやすい
TALENT:MASTER:43 , TALENT:MASTER:濡れにくい
TALENT:MASTER:50 , TALENT:MASTER:習得早い
TALENT:MASTER:51 , TALENT:MASTER:習得遅い
TALENT:MASTER:52 , TALENT:MASTER:舌使い
TALENT:MASTER:53 , TALENT:MASTER:針さばき
TALENT:MASTER:54 , TALENT:MASTER:猫舌
TALENT:MASTER:55 , TALENT:MASTER:調合知識
TALENT:MASTER:56 , TALENT:MASTER:薬毒耐性
TALENT:MASTER:57 , TALENT:MASTER:おもらし癖
TALENT:MASTER:60 , TALENT:MASTER:自慰しやすい
TALENT:MASTER:61 , TALENT:MASTER:汚臭鈍感
TALENT:MASTER:62 , TALENT:MASTER:汚臭敏感
TALENT:MASTER:63 , TALENT:MASTER:献身的
TALENT:MASTER:64 , TALENT:MASTER:汚れ無視
TALENT:MASTER:70 , TALENT:MASTER:快感に素直
TALENT:MASTER:71 , TALENT:MASTER:快感の否定
TALENT:MASTER:72 , TALENT:MASTER:中毒しやすい
TALENT:MASTER:73 , TALENT:MASTER:即落ち
TALENT:MASTER:74 , TALENT:MASTER:自慰狂い
TALENT:MASTER:75 , TALENT:MASTER:セックス狂
TALENT:MASTER:76 , TALENT:MASTER:尻穴狂い
TALENT:MASTER:77 , TALENT:MASTER:淫乳
TALENT:MASTER:80 , TALENT:MASTER:倒錯的
TALENT:MASTER:81 , TALENT:MASTER:両刀
TALENT:MASTER:82 , TALENT:MASTER:男嫌い
TALENT:MASTER:83 , TALENT:MASTER:サド
TALENT:MASTER:84 , TALENT:MASTER:マゾ
TALENT:MASTER:85 , TALENT:MASTER:嫉妬
TALENT:MASTER:86 , TALENT:MASTER:妄信
TALENT:MASTER:87 , TALENT:MASTER:小悪魔
TALENT:MASTER:88 , TALENT:MASTER:女嫌い
TALENT:MASTER:90 , TALENT:MASTER:狐
TALENT:MASTER:91 , TALENT:MASTER:妖狐
TALENT:MASTER:92 , TALENT:MASTER:魅力
TALENT:MASTER:93 , TALENT:MASTER:魅惑
TALENT:MASTER:94 , TALENT:MASTER:謎の魅力
TALENT:MASTER:100 , TALENT:MASTER:小柄体型
TALENT:MASTER:101 , TALENT:MASTER:Ｃ鈍感
TALENT:MASTER:102 , TALENT:MASTER:Ｃ敏感
TALENT:MASTER:103 , TALENT:MASTER:Ｖ鈍感
TALENT:MASTER:104 , TALENT:MASTER:Ｖ敏感
TALENT:MASTER:105 , TALENT:MASTER:Ａ鈍感
TALENT:MASTER:106 , TALENT:MASTER:Ａ敏感
TALENT:MASTER:107 , TALENT:MASTER:Ｂ鈍感
TALENT:MASTER:108 , TALENT:MASTER:Ｂ敏感
TALENT:MASTER:109 , TALENT:MASTER:貧乳
TALENT:MASTER:110 , TALENT:MASTER:絶壁
TALENT:MASTER:111 , TALENT:MASTER:巨乳
TALENT:MASTER:112 , TALENT:MASTER:爆乳
TALENT:MASTER:130 , TALENT:MASTER:回復早い
TALENT:MASTER:131 , TALENT:MASTER:回復遅い
TALENT:MASTER:132 , TALENT:MASTER:吸血鬼
TALENT:MASTER:133 , TALENT:MASTER:日光浴
TALENT:MASTER:134 , TALENT:MASTER:月光浴
TALENT:MASTER:135 , TALENT:MASTER:治療
TALENT:MASTER:136 , TALENT:MASTER:鼓舞
TALENT:MASTER:137 , TALENT:MASTER:半人半妖
TALENT:MASTER:138 , TALENT:MASTER:不思議な根
TALENT:MASTER:139 , TALENT:MASTER:ふたなり
TALENT:MASTER:140 , TALENT:MASTER:オトコ
TALENT:MASTER:141 , TALENT:MASTER:狂気
TALENT:MASTER:142 , TALENT:MASTER:小人体型
TALENT:MASTER:143 , TALENT:MASTER:動物耳
TALENT:MASTER:144 , TALENT:MASTER:禁断の知識
TALENT:MASTER:145 , TALENT:MASTER:人気
TALENT:MASTER:146 , TALENT:MASTER:具現
TALENT:MASTER:147 , TALENT:MASTER:蓬莱人
TALENT:MASTER:148 , TALENT:MASTER:狂気の目
TALENT:MASTER:149 , TALENT:MASTER:母乳体質
TALENT:MASTER:150 , TALENT:MASTER:幼児／幼児退行
TALENT:MASTER:151 , TALENT:MASTER:幼稚
TALENT:MASTER:152 , TALENT:MASTER:絶倫
TALENT:MASTER:153 , TALENT:MASTER:妊娠
TALENT:MASTER:154 , TALENT:MASTER:育児中
TALENT:MASTER:155 , TALENT:MASTER:母性
TALENT:MASTER:156 , TALENT:MASTER:覚

;●TALENT:助手へ変換
TALENT:ASSI:0 , TALENT:ASSI:処女
TALENT:ASSI:1 , TALENT:ASSI:再生処女
TALENT:ASSI:3 , TALENT:ASSI:恋慕
TALENT:ASSI:4 , TALENT:ASSI:淫乱
TALENT:ASSI:5 , TALENT:ASSI:服従
TALENT:ASSI:6 , TALENT:ASSI:親愛
TALENT:ASSI:娼婦 , TALENT:ASSI:娼婦
TALENT:ASSI:8 , TALENT:ASSI:隷属
TALENT:ASSI:9 , TALENT:ASSI:崩壊
TALENT:ASSI:10 , TALENT:ASSI:臆病
TALENT:ASSI:11 , TALENT:ASSI:反抗的
TALENT:ASSI:12 , TALENT:ASSI:気丈
TALENT:ASSI:13 , TALENT:ASSI:素直
TALENT:ASSI:14 , TALENT:ASSI:大人しい
TALENT:ASSI:15 , TALENT:ASSI:プライド高い
TALENT:ASSI:16 , TALENT:ASSI:生意気
TALENT:ASSI:17 , TALENT:ASSI:プライド低い
TALENT:ASSI:18 , TALENT:ASSI:ツンデレ
TALENT:ASSI:20 , TALENT:ASSI:自制心
TALENT:ASSI:21 , TALENT:ASSI:無関心
TALENT:ASSI:22 , TALENT:ASSI:感情乏しい
TALENT:ASSI:23 , TALENT:ASSI:好奇心
TALENT:ASSI:24 , TALENT:ASSI:保守的
TALENT:ASSI:25 , TALENT:ASSI:楽観的
TALENT:ASSI:26 , TALENT:ASSI:悲観的
TALENT:ASSI:27 , TALENT:ASSI:一線越えない
TALENT:ASSI:28 , TALENT:ASSI:目立ちたがり
TALENT:ASSI:30 , TALENT:ASSI:貞操観念
TALENT:ASSI:31 , TALENT:ASSI:貞操無頓着
TALENT:ASSI:32 , TALENT:ASSI:抑圧
TALENT:ASSI:33 , TALENT:ASSI:解放
TALENT:ASSI:34 , TALENT:ASSI:抵抗
TALENT:ASSI:35 , TALENT:ASSI:恥じらい
TALENT:ASSI:36 , TALENT:ASSI:恥薄い
TALENT:ASSI:37 , TALENT:ASSI:弱味
TALENT:ASSI:40 , TALENT:ASSI:痛みに弱い
TALENT:ASSI:41 , TALENT:ASSI:痛みに強い
TALENT:ASSI:42 , TALENT:ASSI:濡れやすい
TALENT:ASSI:43 , TALENT:ASSI:濡れにくい
TALENT:ASSI:50 , TALENT:ASSI:習得早い
TALENT:ASSI:51 , TALENT:ASSI:習得遅い
TALENT:ASSI:52 , TALENT:ASSI:舌使い
TALENT:ASSI:53 , TALENT:ASSI:針さばき
TALENT:ASSI:54 , TALENT:ASSI:猫舌
TALENT:ASSI:55 , TALENT:ASSI:調合知識
TALENT:ASSI:56 , TALENT:ASSI:薬毒耐性
TALENT:ASSI:57 , TALENT:ASSI:おもらし癖
TALENT:ASSI:60 , TALENT:ASSI:自慰しやすい
TALENT:ASSI:61 , TALENT:ASSI:汚臭鈍感
TALENT:ASSI:62 , TALENT:ASSI:汚臭敏感
TALENT:ASSI:63 , TALENT:ASSI:献身的
TALENT:ASSI:64 , TALENT:ASSI:汚れ無視
TALENT:ASSI:70 , TALENT:ASSI:快感に素直
TALENT:ASSI:71 , TALENT:ASSI:快感の否定
TALENT:ASSI:72 , TALENT:ASSI:中毒しやすい
TALENT:ASSI:73 , TALENT:ASSI:即落ち
TALENT:ASSI:74 , TALENT:ASSI:自慰狂い
TALENT:ASSI:75 , TALENT:ASSI:セックス狂
TALENT:ASSI:76 , TALENT:ASSI:尻穴狂い
TALENT:ASSI:77 , TALENT:ASSI:淫乳
TALENT:ASSI:80 , TALENT:ASSI:倒錯的
TALENT:ASSI:81 , TALENT:ASSI:両刀
TALENT:ASSI:82 , TALENT:ASSI:男嫌い
TALENT:ASSI:83 , TALENT:ASSI:サド
TALENT:ASSI:84 , TALENT:ASSI:マゾ
TALENT:ASSI:85 , TALENT:ASSI:嫉妬
TALENT:ASSI:86 , TALENT:ASSI:妄信
TALENT:ASSI:87 , TALENT:ASSI:小悪魔
TALENT:ASSI:88 , TALENT:ASSI:女嫌い
TALENT:ASSI:90 , TALENT:ASSI:狐
TALENT:ASSI:91 , TALENT:ASSI:妖狐
TALENT:ASSI:92 , TALENT:ASSI:魅力
TALENT:ASSI:93 , TALENT:ASSI:魅惑
TALENT:ASSI:94 , TALENT:ASSI:謎の魅力
TALENT:ASSI:100 , TALENT:ASSI:小柄体型
TALENT:ASSI:101 , TALENT:ASSI:Ｃ鈍感
TALENT:ASSI:102 , TALENT:ASSI:Ｃ敏感
TALENT:ASSI:103 , TALENT:ASSI:Ｖ鈍感
TALENT:ASSI:104 , TALENT:ASSI:Ｖ敏感
TALENT:ASSI:105 , TALENT:ASSI:Ａ鈍感
TALENT:ASSI:106 , TALENT:ASSI:Ａ敏感
TALENT:ASSI:107 , TALENT:ASSI:Ｂ鈍感
TALENT:ASSI:108 , TALENT:ASSI:Ｂ敏感
TALENT:ASSI:109 , TALENT:ASSI:貧乳
TALENT:ASSI:110 , TALENT:ASSI:絶壁
TALENT:ASSI:111 , TALENT:ASSI:巨乳
TALENT:ASSI:112 , TALENT:ASSI:爆乳
TALENT:ASSI:130 , TALENT:ASSI:回復早い
TALENT:ASSI:131 , TALENT:ASSI:回復遅い
TALENT:ASSI:132 , TALENT:ASSI:吸血鬼
TALENT:ASSI:133 , TALENT:ASSI:日光浴
TALENT:ASSI:134 , TALENT:ASSI:月光浴
TALENT:ASSI:135 , TALENT:ASSI:治療
TALENT:ASSI:136 , TALENT:ASSI:鼓舞
TALENT:ASSI:137 , TALENT:ASSI:半人半妖
TALENT:ASSI:138 , TALENT:ASSI:不思議な根
TALENT:ASSI:139 , TALENT:ASSI:ふたなり
TALENT:ASSI:140 , TALENT:ASSI:オトコ
TALENT:ASSI:141 , TALENT:ASSI:狂気
TALENT:ASSI:142 , TALENT:ASSI:小人体型
TALENT:ASSI:143 , TALENT:ASSI:動物耳
TALENT:ASSI:144 , TALENT:ASSI:禁断の知識
TALENT:ASSI:145 , TALENT:ASSI:人気
TALENT:ASSI:146 , TALENT:ASSI:具現
TALENT:ASSI:147 , TALENT:ASSI:蓬莱人
TALENT:ASSI:148 , TALENT:ASSI:狂気の目
TALENT:ASSI:149 , TALENT:ASSI:母乳体質
TALENT:ASSI:150 , TALENT:ASSI:幼児／幼児退行
TALENT:ASSI:151 , TALENT:ASSI:幼稚
TALENT:ASSI:152 , TALENT:ASSI:絶倫
TALENT:ASSI:153 , TALENT:ASSI:妊娠
TALENT:ASSI:154 , TALENT:ASSI:育児中
TALENT:ASSI:155 , TALENT:ASSI:母性
TALENT:ASSI:156 , TALENT:ASSI:覚

;●TALENT:奴隷へ変換
TALENT:TARGET:0 , TALENT:TARGET:処女
TALENT:TARGET:1 , TALENT:TARGET:再生処女
TALENT:TARGET:3 , TALENT:TARGET:恋慕
TALENT:TARGET:4 , TALENT:TARGET:淫乱
TALENT:TARGET:5 , TALENT:TARGET:服従
TALENT:TARGET:6 , TALENT:TARGET:親愛
TALENT:TARGET:娼婦 , TALENT:TARGET:娼婦
TALENT:TARGET:8 , TALENT:TARGET:隷属
TALENT:TARGET:9 , TALENT:TARGET:崩壊
TALENT:TARGET:10 , TALENT:TARGET:臆病
TALENT:TARGET:11 , TALENT:TARGET:反抗的
TALENT:TARGET:12 , TALENT:TARGET:気丈
TALENT:TARGET:13 , TALENT:TARGET:素直
TALENT:TARGET:14 , TALENT:TARGET:大人しい
TALENT:TARGET:15 , TALENT:TARGET:プライド高い
TALENT:TARGET:16 , TALENT:TARGET:生意気
TALENT:TARGET:17 , TALENT:TARGET:プライド低い
TALENT:TARGET:18 , TALENT:TARGET:ツンデレ
TALENT:TARGET:20 , TALENT:TARGET:自制心
TALENT:TARGET:21 , TALENT:TARGET:無関心
TALENT:TARGET:22 , TALENT:TARGET:感情乏しい
TALENT:TARGET:23 , TALENT:TARGET:好奇心
TALENT:TARGET:24 , TALENT:TARGET:保守的
TALENT:TARGET:25 , TALENT:TARGET:楽観的
TALENT:TARGET:26 , TALENT:TARGET:悲観的
TALENT:TARGET:27 , TALENT:TARGET:一線越えない
TALENT:TARGET:28 , TALENT:TARGET:目立ちたがり
TALENT:TARGET:30 , TALENT:TARGET:貞操観念
TALENT:TARGET:31 , TALENT:TARGET:貞操無頓着
TALENT:TARGET:32 , TALENT:TARGET:抑圧
TALENT:TARGET:33 , TALENT:TARGET:解放
TALENT:TARGET:34 , TALENT:TARGET:抵抗
TALENT:TARGET:35 , TALENT:TARGET:恥じらい
TALENT:TARGET:36 , TALENT:TARGET:恥薄い
TALENT:TARGET:37 , TALENT:TARGET:弱味
TALENT:TARGET:40 , TALENT:TARGET:痛みに弱い
TALENT:TARGET:41 , TALENT:TARGET:痛みに強い
TALENT:TARGET:42 , TALENT:TARGET:濡れやすい
TALENT:TARGET:43 , TALENT:TARGET:濡れにくい
TALENT:TARGET:50 , TALENT:TARGET:習得早い
TALENT:TARGET:51 , TALENT:TARGET:習得遅い
TALENT:TARGET:52 , TALENT:TARGET:舌使い
TALENT:TARGET:53 , TALENT:TARGET:針さばき
TALENT:TARGET:54 , TALENT:TARGET:猫舌
TALENT:TARGET:55 , TALENT:TARGET:調合知識
TALENT:TARGET:56 , TALENT:TARGET:薬毒耐性
TALENT:TARGET:57 , TALENT:TARGET:おもらし癖
TALENT:TARGET:60 , TALENT:TARGET:自慰しやすい
TALENT:TARGET:61 , TALENT:TARGET:汚臭鈍感
TALENT:TARGET:62 , TALENT:TARGET:汚臭敏感
TALENT:TARGET:63 , TALENT:TARGET:献身的
TALENT:TARGET:64 , TALENT:TARGET:汚れ無視
TALENT:TARGET:70 , TALENT:TARGET:快感に素直
TALENT:TARGET:71 , TALENT:TARGET:快感の否定
TALENT:TARGET:72 , TALENT:TARGET:中毒しやすい
TALENT:TARGET:73 , TALENT:TARGET:即落ち
TALENT:TARGET:74 , TALENT:TARGET:自慰狂い
TALENT:TARGET:75 , TALENT:TARGET:セックス狂
TALENT:TARGET:76 , TALENT:TARGET:尻穴狂い
TALENT:TARGET:77 , TALENT:TARGET:淫乳
TALENT:TARGET:80 , TALENT:TARGET:倒錯的
TALENT:TARGET:81 , TALENT:TARGET:両刀
TALENT:TARGET:82 , TALENT:TARGET:男嫌い
TALENT:TARGET:83 , TALENT:TARGET:サド
TALENT:TARGET:84 , TALENT:TARGET:マゾ
TALENT:TARGET:85 , TALENT:TARGET:嫉妬
TALENT:TARGET:86 , TALENT:TARGET:妄信
TALENT:TARGET:87 , TALENT:TARGET:小悪魔
TALENT:TARGET:88 , TALENT:TARGET:女嫌い
TALENT:TARGET:90 , TALENT:TARGET:狐
TALENT:TARGET:91 , TALENT:TARGET:妖狐
TALENT:TARGET:92 , TALENT:TARGET:魅力
TALENT:TARGET:93 , TALENT:TARGET:魅惑
TALENT:TARGET:94 , TALENT:TARGET:謎の魅力
TALENT:TARGET:100 , TALENT:TARGET:小柄体型
TALENT:TARGET:101 , TALENT:TARGET:Ｃ鈍感
TALENT:TARGET:102 , TALENT:TARGET:Ｃ敏感
TALENT:TARGET:103 , TALENT:TARGET:Ｖ鈍感
TALENT:TARGET:104 , TALENT:TARGET:Ｖ敏感
TALENT:TARGET:105 , TALENT:TARGET:Ａ鈍感
TALENT:TARGET:106 , TALENT:TARGET:Ａ敏感
TALENT:TARGET:107 , TALENT:TARGET:Ｂ鈍感
TALENT:TARGET:108 , TALENT:TARGET:Ｂ敏感
TALENT:TARGET:109 , TALENT:TARGET:貧乳
TALENT:TARGET:110 , TALENT:TARGET:絶壁
TALENT:TARGET:111 , TALENT:TARGET:巨乳
TALENT:TARGET:112 , TALENT:TARGET:爆乳
TALENT:TARGET:130 , TALENT:TARGET:回復早い
TALENT:TARGET:131 , TALENT:TARGET:回復遅い
TALENT:TARGET:132 , TALENT:TARGET:吸血鬼
TALENT:TARGET:133 , TALENT:TARGET:日光浴
TALENT:TARGET:134 , TALENT:TARGET:月光浴
TALENT:TARGET:135 , TALENT:TARGET:治療
TALENT:TARGET:136 , TALENT:TARGET:鼓舞
TALENT:TARGET:137 , TALENT:TARGET:半人半妖
TALENT:TARGET:138 , TALENT:TARGET:不思議な根
TALENT:TARGET:139 , TALENT:TARGET:ふたなり
TALENT:TARGET:140 , TALENT:TARGET:オトコ
TALENT:TARGET:141 , TALENT:TARGET:狂気
TALENT:TARGET:142 , TALENT:TARGET:小人体型
TALENT:TARGET:143 , TALENT:TARGET:動物耳
TALENT:TARGET:144 , TALENT:TARGET:禁断の知識
TALENT:TARGET:145 , TALENT:TARGET:人気
TALENT:TARGET:146 , TALENT:TARGET:具現
TALENT:TARGET:147 , TALENT:TARGET:蓬莱人
TALENT:TARGET:148 , TALENT:TARGET:狂気の目
TALENT:TARGET:149 , TALENT:TARGET:母乳体質
TALENT:TARGET:150 , TALENT:TARGET:幼児／幼児退行
TALENT:TARGET:151 , TALENT:TARGET:幼稚
TALENT:TARGET:152 , TALENT:TARGET:絶倫
TALENT:TARGET:153 , TALENT:TARGET:妊娠
TALENT:TARGET:154 , TALENT:TARGET:育児中
TALENT:TARGET:155 , TALENT:TARGET:母性
TALENT:TARGET:156 , TALENT:TARGET:覚

;●ABL名称へ変換
ABLNAME:0 , ABLNAME:従順
ABLNAME:1 , ABLNAME:欲望
ABLNAME:2 , ABLNAME:技巧
ABLNAME:3 , ABLNAME:Ｃ感覚
ABLNAME:4 , ABLNAME:Ｖ感覚
ABLNAME:5 , ABLNAME:Ａ感覚
ABLNAME:6 , ABLNAME:Ｂ感覚
ABLNAME:7 , ABLNAME:奉仕精神
ABLNAME:8 , ABLNAME:露出癖
ABLNAME:9 , ABLNAME:マゾっ気
ABLNAME:10 , ABLNAME:サドっ気
ABLNAME:11 , ABLNAME:レズっ気
ABLNAME:12 , ABLNAME:料理技能
ABLNAME:13 , ABLNAME:撮影技能
ABLNAME:14 , ABLNAME:歌唱技能
ABLNAME:15 , ABLNAME:自慰中毒
ABLNAME:16 , ABLNAME:精液中毒
ABLNAME:17 , ABLNAME:レズ中毒
ABLNAME:18 , ABLNAME:セックス中毒
ABLNAME:19 , ABLNAME:噴乳中毒
ABLNAME:20 , ABLNAME:ホモっ気
ABLNAME:21 , ABLNAME:ゲイ中毒

;●ABL:調教者へ変換
ABL:PLAYER:0 , ABL:PLAYER:従順
ABL:PLAYER:1 , ABL:PLAYER:欲望
ABL:PLAYER:2 , ABL:PLAYER:技巧
ABL:PLAYER:3 , ABL:PLAYER:Ｃ感覚
ABL:PLAYER:4 , ABL:PLAYER:Ｖ感覚
ABL:PLAYER:5 , ABL:PLAYER:Ａ感覚
ABL:PLAYER:6 , ABL:PLAYER:Ｂ感覚
ABL:PLAYER:7 , ABL:PLAYER:奉仕精神
ABL:PLAYER:8 , ABL:PLAYER:露出癖
ABL:PLAYER:9 , ABL:PLAYER:マゾっ気
ABL:PLAYER:10 , ABL:PLAYER:サドっ気
ABL:PLAYER:11 , ABL:PLAYER:レズっ気
ABL:PLAYER:12 , ABL:PLAYER:料理技能
ABL:PLAYER:13 , ABL:PLAYER:撮影技能
ABL:PLAYER:14 , ABL:PLAYER:歌唱技能
ABL:PLAYER:15 , ABL:PLAYER:自慰中毒
ABL:PLAYER:16 , ABL:PLAYER:精液中毒
ABL:PLAYER:17 , ABL:PLAYER:レズ中毒
ABL:PLAYER:18 , ABL:PLAYER:セックス中毒
ABL:PLAYER:19 , ABL:PLAYER:噴乳中毒
ABL:PLAYER:20 , ABL:PLAYER:ホモっ気
ABL:PLAYER:21 , ABL:PLAYER:ゲイ中毒

;●ABL:主人へ変換
ABL:MASTER:0 , ABL:MASTER:従順
ABL:MASTER:1 , ABL:MASTER:欲望
ABL:MASTER:2 , ABL:MASTER:技巧
ABL:MASTER:3 , ABL:MASTER:Ｃ感覚
ABL:MASTER:4 , ABL:MASTER:Ｖ感覚
ABL:MASTER:5 , ABL:MASTER:Ａ感覚
ABL:MASTER:6 , ABL:MASTER:Ｂ感覚
ABL:MASTER:7 , ABL:MASTER:奉仕精神
ABL:MASTER:8 , ABL:MASTER:露出癖
ABL:MASTER:9 , ABL:MASTER:マゾっ気
ABL:MASTER:10 , ABL:MASTER:サドっ気
ABL:MASTER:11 , ABL:MASTER:レズっ気
ABL:MASTER:12 , ABL:MASTER:料理技能
ABL:MASTER:13 , ABL:MASTER:撮影技能
ABL:MASTER:14 , ABL:MASTER:歌唱技能
ABL:MASTER:15 , ABL:MASTER:自慰中毒
ABL:MASTER:16 , ABL:MASTER:精液中毒
ABL:MASTER:17 , ABL:MASTER:レズ中毒
ABL:MASTER:18 , ABL:MASTER:セックス中毒
ABL:MASTER:19 , ABL:MASTER:噴乳中毒
ABL:MASTER:20 , ABL:MASTER:ホモっ気
ABL:MASTER:21 , ABL:MASTER:ゲイ中毒

;●ABL:助手へ変換
ABL:ASSI:0 , ABL:ASSI:従順
ABL:ASSI:1 , ABL:ASSI:欲望
ABL:ASSI:2 , ABL:ASSI:技巧
ABL:ASSI:3 , ABL:ASSI:Ｃ感覚
ABL:ASSI:4 , ABL:ASSI:Ｖ感覚
ABL:ASSI:5 , ABL:ASSI:Ａ感覚
ABL:ASSI:6 , ABL:ASSI:Ｂ感覚
ABL:ASSI:7 , ABL:ASSI:奉仕精神
ABL:ASSI:8 , ABL:ASSI:露出癖
ABL:ASSI:9 , ABL:ASSI:マゾっ気
ABL:ASSI:10 , ABL:ASSI:サドっ気
ABL:ASSI:11 , ABL:ASSI:レズっ気
ABL:ASSI:12 , ABL:ASSI:料理技能
ABL:ASSI:13 , ABL:ASSI:撮影技能
ABL:ASSI:14 , ABL:ASSI:歌唱技能
ABL:ASSI:15 , ABL:ASSI:自慰中毒
ABL:ASSI:16 , ABL:ASSI:精液中毒
ABL:ASSI:17 , ABL:ASSI:レズ中毒
ABL:ASSI:18 , ABL:ASSI:セックス中毒
ABL:ASSI:19 , ABL:ASSI:噴乳中毒
ABL:ASSI:20 , ABL:ASSI:ホモっ気
ABL:ASSI:21 , ABL:ASSI:ゲイ中毒

;●ABL:奴隷へ変換
ABL:TARGET:0 , ABL:TARGET:従順
ABL:TARGET:1 , ABL:TARGET:欲望
ABL:TARGET:2 , ABL:TARGET:技巧
ABL:TARGET:3 , ABL:TARGET:Ｃ感覚
ABL:TARGET:4 , ABL:TARGET:Ｖ感覚
ABL:TARGET:5 , ABL:TARGET:Ａ感覚
ABL:TARGET:6 , ABL:TARGET:Ｂ感覚
ABL:TARGET:7 , ABL:TARGET:奉仕精神
ABL:TARGET:8 , ABL:TARGET:露出癖
ABL:TARGET:9 , ABL:TARGET:マゾっ気
ABL:TARGET:10 , ABL:TARGET:サドっ気
ABL:TARGET:11 , ABL:TARGET:レズっ気
ABL:TARGET:12 , ABL:TARGET:料理技能
ABL:TARGET:13 , ABL:TARGET:撮影技能
ABL:TARGET:14 , ABL:TARGET:歌唱技能
ABL:TARGET:15 , ABL:TARGET:自慰中毒
ABL:TARGET:16 , ABL:TARGET:精液中毒
ABL:TARGET:17 , ABL:TARGET:レズ中毒
ABL:TARGET:18 , ABL:TARGET:セックス中毒
ABL:TARGET:19 , ABL:TARGET:噴乳中毒
ABL:TARGET:20 , ABL:TARGET:ホモっ気
ABL:TARGET:21 , ABL:TARGET:ゲイ中毒

;●獲得JUELへ変換
GOTJUEL:0 , GOTJUEL:快Ｃ
GOTJUEL:1 , GOTJUEL:快Ｖ
GOTJUEL:2 , GOTJUEL:快Ａ
GOTJUEL:4 , GOTJUEL:恭順
GOTJUEL:5 , GOTJUEL:欲情
GOTJUEL:6 , GOTJUEL:屈服
GOTJUEL:7 , GOTJUEL:習得
GOTJUEL:8 , GOTJUEL:恥情
GOTJUEL:9 , GOTJUEL:苦痛
GOTJUEL:10 , GOTJUEL:恐怖
GOTJUEL:14 , GOTJUEL:快Ｂ
GOTJUEL:100 , GOTJUEL:否定

;●経験名称へ変換
EXPNAME:0 , EXPNAME:Ｖ経験
EXPNAME:1 , EXPNAME:Ａ経験
EXPNAME:2 , EXPNAME:絶頂経験
EXPNAME:3 , EXPNAME:射精経験
EXPNAME:4 , EXPNAME:性交経験
EXPNAME:5 , EXPNAME:膣射経験
EXPNAME:10 , EXPNAME:自慰経験
EXPNAME:11 , EXPNAME:調教自慰経験
EXPNAME:20 , EXPNAME:精液経験
EXPNAME:21 , EXPNAME:奉仕快楽経験
EXPNAME:22 , EXPNAME:フェラ経験
EXPNAME:23 , EXPNAME:愛情経験
EXPNAME:30 , EXPNAME:苦痛快楽経験
EXPNAME:31 , EXPNAME:放尿経験
EXPNAME:32 , EXPNAME:嗜虐快楽経験
EXPNAME:40 , EXPNAME:レズ経験
EXPNAME:41 , EXPNAME:ゲイ経験
EXPNAME:50 , EXPNAME:異常経験
EXPNAME:51 , EXPNAME:緊縛経験
EXPNAME:52 , EXPNAME:Ｖ拡張経験
EXPNAME:53 , EXPNAME:Ａ拡張経験
EXPNAME:54 , EXPNAME:噴乳経験
EXPNAME:55 , EXPNAME:触手経験
EXPNAME:56 , EXPNAME:吸血経験
EXPNAME:60 , EXPNAME:出産経験
EXPNAME:61 , EXPNAME:家事経験
EXPNAME:62 , EXPNAME:撮影経験
EXPNAME:63 , EXPNAME:被写経験
EXPNAME:64 , EXPNAME:歌唱経験
EXPNAME:70 , EXPNAME:調教経験

;●EXP:調教者へ変換
EXP:PLAYER:0 , EXP:PLAYER:Ｖ経験
EXP:PLAYER:1 , EXP:PLAYER:Ａ経験
EXP:PLAYER:2 , EXP:PLAYER:絶頂経験
EXP:PLAYER:3 , EXP:PLAYER:射精経験
EXP:PLAYER:4 , EXP:PLAYER:性交経験
EXP:PLAYER:5 , EXP:PLAYER:膣射経験
EXP:PLAYER:10 , EXP:PLAYER:自慰経験
EXP:PLAYER:11 , EXP:PLAYER:調教自慰経験
EXP:PLAYER:20 , EXP:PLAYER:精液経験
EXP:PLAYER:21 , EXP:PLAYER:奉仕快楽経験
EXP:PLAYER:22 , EXP:PLAYER:フェラ経験
EXP:PLAYER:23 , EXP:PLAYER:愛情経験
EXP:PLAYER:30 , EXP:PLAYER:苦痛快楽経験
EXP:PLAYER:31 , EXP:PLAYER:放尿経験
EXP:PLAYER:32 , EXP:PLAYER:嗜虐快楽経験
EXP:PLAYER:40 , EXP:PLAYER:レズ経験
EXP:PLAYER:41 , EXP:PLAYER:ゲイ経験
EXP:PLAYER:50 , EXP:PLAYER:異常経験
EXP:PLAYER:51 , EXP:PLAYER:緊縛経験
EXP:PLAYER:52 , EXP:PLAYER:Ｖ拡張経験
EXP:PLAYER:53 , EXP:PLAYER:Ａ拡張経験
EXP:PLAYER:54 , EXP:PLAYER:噴乳経験
EXP:PLAYER:55 , EXP:PLAYER:触手経験
EXP:PLAYER:56 , EXP:PLAYER:吸血経験
EXP:PLAYER:60 , EXP:PLAYER:出産経験
EXP:PLAYER:61 , EXP:PLAYER:家事経験
EXP:PLAYER:62 , EXP:PLAYER:撮影経験
EXP:PLAYER:63 , EXP:PLAYER:被写経験
EXP:PLAYER:64 , EXP:PLAYER:歌唱経験
EXP:PLAYER:70 , EXP:PLAYER:調教経験

;●EXP:主人へ変換
EXP:MASTER:0 , EXP:MASTER:Ｖ経験
EXP:MASTER:1 , EXP:MASTER:Ａ経験
EXP:MASTER:2 , EXP:MASTER:絶頂経験
EXP:MASTER:3 , EXP:MASTER:射精経験
EXP:MASTER:4 , EXP:MASTER:性交経験
EXP:MASTER:5 , EXP:MASTER:膣射経験
EXP:MASTER:10 , EXP:MASTER:自慰経験
EXP:MASTER:11 , EXP:MASTER:調教自慰経験
EXP:MASTER:20 , EXP:MASTER:精液経験
EXP:MASTER:21 , EXP:MASTER:奉仕快楽経験
EXP:MASTER:22 , EXP:MASTER:フェラ経験
EXP:MASTER:23 , EXP:MASTER:愛情経験
EXP:MASTER:30 , EXP:MASTER:苦痛快楽経験
EXP:MASTER:31 , EXP:MASTER:放尿経験
EXP:MASTER:32 , EXP:MASTER:嗜虐快楽経験
EXP:MASTER:40 , EXP:MASTER:レズ経験
EXP:MASTER:41 , EXP:MASTER:ゲイ経験
EXP:MASTER:50 , EXP:MASTER:異常経験
EXP:MASTER:51 , EXP:MASTER:緊縛経験
EXP:MASTER:52 , EXP:MASTER:Ｖ拡張経験
EXP:MASTER:53 , EXP:MASTER:Ａ拡張経験
EXP:MASTER:54 , EXP:MASTER:噴乳経験
EXP:MASTER:55 , EXP:MASTER:触手経験
EXP:MASTER:56 , EXP:MASTER:吸血経験
EXP:MASTER:60 , EXP:MASTER:出産経験
EXP:MASTER:61 , EXP:MASTER:家事経験
EXP:MASTER:62 , EXP:MASTER:撮影経験
EXP:MASTER:63 , EXP:MASTER:被写経験
EXP:MASTER:64 , EXP:MASTER:歌唱経験
EXP:MASTER:70 , EXP:MASTER:調教経験

;●EXP:助手へ変換
EXP:ASSI:0 , EXP:ASSI:Ｖ経験
EXP:ASSI:1 , EXP:ASSI:Ａ経験
EXP:ASSI:2 , EXP:ASSI:絶頂経験
EXP:ASSI:3 , EXP:ASSI:射精経験
EXP:ASSI:4 , EXP:ASSI:性交経験
EXP:ASSI:5 , EXP:ASSI:膣射経験
EXP:ASSI:10 , EXP:ASSI:自慰経験
EXP:ASSI:11 , EXP:ASSI:調教自慰経験
EXP:ASSI:20 , EXP:ASSI:精液経験
EXP:ASSI:21 , EXP:ASSI:奉仕快楽経験
EXP:ASSI:22 , EXP:ASSI:フェラ経験
EXP:ASSI:23 , EXP:ASSI:愛情経験
EXP:ASSI:30 , EXP:ASSI:苦痛快楽経験
EXP:ASSI:31 , EXP:ASSI:放尿経験
EXP:ASSI:32 , EXP:ASSI:嗜虐快楽経験
EXP:ASSI:40 , EXP:ASSI:レズ経験
EXP:ASSI:41 , EXP:ASSI:ゲイ経験
EXP:ASSI:50 , EXP:ASSI:異常経験
EXP:ASSI:51 , EXP:ASSI:緊縛経験
EXP:ASSI:52 , EXP:ASSI:Ｖ拡張経験
EXP:ASSI:53 , EXP:ASSI:Ａ拡張経験
EXP:ASSI:54 , EXP:ASSI:噴乳経験
EXP:ASSI:55 , EXP:ASSI:触手経験
EXP:ASSI:56 , EXP:ASSI:吸血経験
EXP:ASSI:60 , EXP:ASSI:出産経験
EXP:ASSI:61 , EXP:ASSI:家事経験
EXP:ASSI:62 , EXP:ASSI:撮影経験
EXP:ASSI:63 , EXP:ASSI:被写経験
EXP:ASSI:64 , EXP:ASSI:歌唱経験
EXP:ASSI:70 , EXP:ASSI:調教経験

;●EXP:奴隷へ変換
EXP:TARGET:0 , EXP:TARGET:Ｖ経験
EXP:TARGET:1 , EXP:TARGET:Ａ経験
EXP:TARGET:2 , EXP:TARGET:絶頂経験
EXP:TARGET:3 , EXP:TARGET:射精経験
EXP:TARGET:4 , EXP:TARGET:性交経験
EXP:TARGET:5 , EXP:TARGET:膣射経験
EXP:TARGET:10 , EXP:TARGET:自慰経験
EXP:TARGET:11 , EXP:TARGET:調教自慰経験
EXP:TARGET:20 , EXP:TARGET:精液経験
EXP:TARGET:21 , EXP:TARGET:奉仕快楽経験
EXP:TARGET:22 , EXP:TARGET:フェラ経験
EXP:TARGET:23 , EXP:TARGET:愛情経験
EXP:TARGET:30 , EXP:TARGET:苦痛快楽経験
EXP:TARGET:31 , EXP:TARGET:放尿経験
EXP:TARGET:32 , EXP:TARGET:嗜虐快楽経験
EXP:TARGET:40 , EXP:TARGET:レズ経験
EXP:TARGET:41 , EXP:TARGET:ゲイ経験
EXP:TARGET:50 , EXP:TARGET:異常経験
EXP:TARGET:51 , EXP:TARGET:緊縛経験
EXP:TARGET:52 , EXP:TARGET:Ｖ拡張経験
EXP:TARGET:53 , EXP:TARGET:Ａ拡張経験
EXP:TARGET:54 , EXP:TARGET:噴乳経験
EXP:TARGET:55 , EXP:TARGET:触手経験
EXP:TARGET:56 , EXP:TARGET:吸血経験
EXP:TARGET:60 , EXP:TARGET:出産経験
EXP:TARGET:61 , EXP:TARGET:家事経験
EXP:TARGET:62 , EXP:TARGET:撮影経験
EXP:TARGET:63 , EXP:TARGET:被写経験
EXP:TARGET:64 , EXP:TARGET:歌唱経験
EXP:TARGET:70 , EXP:TARGET:調教経験

;●道具名称へ変換
ITEMNAME:0 , ITEMNAME:ローター
ITEMNAME:1 , ITEMNAME:Ｅマッサージャ
ITEMNAME:2 , ITEMNAME:クリキャップ
ITEMNAME:3 , ITEMNAME:オナホール
ITEMNAME:4 , ITEMNAME:バイブ
ITEMNAME:5 , ITEMNAME:アナルバイブ
ITEMNAME:6 , ITEMNAME:アナルビーズ
ITEMNAME:7 , ITEMNAME:空気ポンプ
ITEMNAME:8 , ITEMNAME:拡張バルーン
ITEMNAME:9 , ITEMNAME:浣腸器＋プラグ
ITEMNAME:10 , ITEMNAME:ニプルキャップ
ITEMNAME:11 , ITEMNAME:搾乳器
ITEMNAME:12 , ITEMNAME:ペニスバンド
ITEMNAME:13 , ITEMNAME:鞭
ITEMNAME:14 , ITEMNAME:針
ITEMNAME:15 , ITEMNAME:アイマスク
ITEMNAME:16 , ITEMNAME:縄
ITEMNAME:17 , ITEMNAME:ボールギャグ
ITEMNAME:18 , ITEMNAME:ビデオカメラ
ITEMNAME:19 , ITEMNAME:カメラ
ITEMNAME:20 , ITEMNAME:プレイマット
ITEMNAME:21 , ITEMNAME:大鏡
ITEMNAME:22 , ITEMNAME:首輪
ITEMNAME:23 , ITEMNAME:エプロン
ITEMNAME:24 , ITEMNAME:電極プラグ
ITEMNAME:25 , ITEMNAME:触手使役術
ITEMNAME:26 , ITEMNAME:コスプレセット
ITEMNAME:40 , ITEMNAME:ローション
ITEMNAME:41 , ITEMNAME:媚薬
ITEMNAME:42 , ITEMNAME:利尿剤
ITEMNAME:43 , ITEMNAME:ビデオテープ
ITEMNAME:44 , ITEMNAME:フィルム
ITEMNAME:45 , ITEMNAME:コンドーム
ITEMNAME:46 , ITEMNAME:低温蝋燭
ITEMNAME:47 , ITEMNAME:強精神薬
ITEMNAME:60 , ITEMNAME:【汚れ無視】
ITEMNAME:61 , ITEMNAME:【調合知識】
ITEMNAME:62 , ITEMNAME:【禁断の知識】
ITEMNAME:70 , ITEMNAME:元気になる薬
ITEMNAME:71 , ITEMNAME:薬の材料(双)
ITEMNAME:72 , ITEMNAME:薬の材料(消)
ITEMNAME:73 , ITEMNAME:青いキャンディ
ITEMNAME:74 , ITEMNAME:赤いキャンディ
ITEMNAME:75 , ITEMNAME:豊胸剤
ITEMNAME:76 , ITEMNAME:縮胸剤
ITEMNAME:77 , ITEMNAME:抑プロラクチン薬
ITEMNAME:78 , ITEMNAME:３環系抗鬱薬
ITEMNAME:79 , ITEMNAME:黄色のキャンディ
ITEMNAME:90 , ITEMNAME:記憶消去薬
ITEMNAME:91 , ITEMNAME:排卵誘発剤
ITEMNAME:92 , ITEMNAME:子宮内避妊具
ITEMNAME:100 , ITEMNAME:ショウタ
ITEMNAME:101 , ITEMNAME:アイ
ITEMNAME:102 , ITEMNAME:マキ
ITEMNAME:103 , ITEMNAME:ゆかり
ITEMNAME:104 , ITEMNAME:ずん子
ITEMNAME:105 , ITEMNAME:茜
ITEMNAME:106 , ITEMNAME:葵
ITEMNAME:107 , ITEMNAME:コウ
ITEMNAME:108 , ITEMNAME:セイカ
ITEMNAME:109 , ITEMNAME:きりたん
ITEMNAME:149 , ITEMNAME:ささら
ITEMNAME:150 , ITEMNAME:つづみ
ITEMNAME:151 , ITEMNAME:タカハシ
ITEMNAME:152 , ITEMNAME:ＯＮＥ
ITEMNAME:153 , ITEMNAME:ＩＡ

;●道具使用中へ変換
TEQUIP:0 , TEQUIP:ローター
TEQUIP:1 , TEQUIP:Ｅマッサージャ
TEQUIP:2 , TEQUIP:クリキャップ
TEQUIP:3 , TEQUIP:オナホール
TEQUIP:4 , TEQUIP:バイブ
TEQUIP:5 , TEQUIP:アナルバイブ
TEQUIP:6 , TEQUIP:アナルビーズ
TEQUIP:7 , TEQUIP:空気ポンプ
TEQUIP:8 , TEQUIP:拡張バルーン
TEQUIP:9 , TEQUIP:浣腸器＋プラグ
TEQUIP:10 , TEQUIP:ニプルキャップ
TEQUIP:11 , TEQUIP:搾乳器
TEQUIP:12 , TEQUIP:ペニスバンド
TEQUIP:13 , TEQUIP:鞭
TEQUIP:14 , TEQUIP:針
TEQUIP:15 , TEQUIP:アイマスク
TEQUIP:16 , TEQUIP:縄
TEQUIP:17 , TEQUIP:ボールギャグ
TEQUIP:18 , TEQUIP:ビデオカメラ
TEQUIP:19 , TEQUIP:カメラ
TEQUIP:20 , TEQUIP:プレイマット
TEQUIP:21 , TEQUIP:大鏡
TEQUIP:22 , TEQUIP:首輪
TEQUIP:23 , TEQUIP:エプロン
TEQUIP:24 , TEQUIP:電極プラグ
TEQUIP:25 , TEQUIP:触手使役術
TEQUIP:26 , TEQUIP:コスプレセット
TEQUIP:40 , TEQUIP:ローション
TEQUIP:41 , TEQUIP:媚薬
TEQUIP:42 , TEQUIP:利尿剤
TEQUIP:43 , TEQUIP:ビデオテープ
TEQUIP:44 , TEQUIP:フィルム
TEQUIP:45 , TEQUIP:コンドーム
TEQUIP:46 , TEQUIP:低温蝋燭
TEQUIP:47 , TEQUIP:強精神薬
TEQUIP:60 , TEQUIP:【汚れ無視】
TEQUIP:61 , TEQUIP:【調合知識】
TEQUIP:62 , TEQUIP:【禁断の知識】
TEQUIP:70 , TEQUIP:元気になる薬
TEQUIP:71 , TEQUIP:薬の材料(双)
TEQUIP:72 , TEQUIP:薬の材料(消)
TEQUIP:73 , TEQUIP:青いキャンディ
TEQUIP:74 , TEQUIP:赤いキャンディ
TEQUIP:75 , TEQUIP:豊胸剤
TEQUIP:76 , TEQUIP:縮胸剤
TEQUIP:77 , TEQUIP:抑プロラクチン薬
TEQUIP:78 , TEQUIP:３環系抗鬱薬
TEQUIP:79 , TEQUIP:黄色のキャンディ
TEQUIP:90 , TEQUIP:記憶消去薬
TEQUIP:91 , TEQUIP:排卵誘発剤
TEQUIP:92 , TEQUIP:子宮内避妊具

;このへん意味不明すぎて草
TEQUIP:100 , TEQUIP:ショウタ
TEQUIP:101 , TEQUIP:アイ
TEQUIP:102 , TEQUIP:マキ
TEQUIP:103 , TEQUIP:ゆかり
TEQUIP:104 , TEQUIP:ずん子
TEQUIP:105 , TEQUIP:茜
TEQUIP:106 , TEQUIP:葵
TEQUIP:107 , TEQUIP:コウ
TEQUIP:108 , TEQUIP:セイカ
TEQUIP:109 , TEQUIP:きりたん
TEQUIP:149 , TEQUIP:ささら
TEQUIP:150 , TEQUIP:つづみ
TEQUIP:151 , TEQUIP:タカハシ
TEQUIP:152 , TEQUIP:ＯＮＥ
TEQUIP:153 , TEQUIP:ＩＡ

;●道具販売中へ変換
ITEMSALES:0 , ITEMSALES:ローター
ITEMSALES:1 , ITEMSALES:Ｅマッサージャ
ITEMSALES:2 , ITEMSALES:クリキャップ
ITEMSALES:3 , ITEMSALES:オナホール
ITEMSALES:4 , ITEMSALES:バイブ
ITEMSALES:5 , ITEMSALES:アナルバイブ
ITEMSALES:6 , ITEMSALES:アナルビーズ
ITEMSALES:7 , ITEMSALES:空気ポンプ
ITEMSALES:8 , ITEMSALES:拡張バルーン
ITEMSALES:9 , ITEMSALES:浣腸器＋プラグ
ITEMSALES:10 , ITEMSALES:ニプルキャップ
ITEMSALES:11 , ITEMSALES:搾乳器
ITEMSALES:12 , ITEMSALES:ペニスバンド
ITEMSALES:13 , ITEMSALES:鞭
ITEMSALES:14 , ITEMSALES:針
ITEMSALES:15 , ITEMSALES:アイマスク
ITEMSALES:16 , ITEMSALES:縄
ITEMSALES:17 , ITEMSALES:ボールギャグ
ITEMSALES:18 , ITEMSALES:ビデオカメラ
ITEMSALES:19 , ITEMSALES:カメラ
ITEMSALES:20 , ITEMSALES:プレイマット
ITEMSALES:21 , ITEMSALES:大鏡
ITEMSALES:22 , ITEMSALES:首輪
ITEMSALES:23 , ITEMSALES:エプロン
ITEMSALES:24 , ITEMSALES:電極プラグ
ITEMSALES:25 , ITEMSALES:触手使役術
ITEMSALES:26 , ITEMSALES:コスプレセット
ITEMSALES:40 , ITEMSALES:ローション
ITEMSALES:41 , ITEMSALES:媚薬
ITEMSALES:42 , ITEMSALES:利尿剤
ITEMSALES:43 , ITEMSALES:ビデオテープ
ITEMSALES:44 , ITEMSALES:フィルム
ITEMSALES:45 , ITEMSALES:コンドーム
ITEMSALES:46 , ITEMSALES:低温蝋燭
ITEMSALES:47 , ITEMSALES:強精神薬
ITEMSALES:60 , ITEMSALES:【汚れ無視】
ITEMSALES:61 , ITEMSALES:【調合知識】
ITEMSALES:62 , ITEMSALES:【禁断の知識】
ITEMSALES:70 , ITEMSALES:元気になる薬
ITEMSALES:71 , ITEMSALES:薬の材料(双)
ITEMSALES:72 , ITEMSALES:薬の材料(消)
ITEMSALES:73 , ITEMSALES:青いキャンディ
ITEMSALES:74 , ITEMSALES:赤いキャンディ
ITEMSALES:75 , ITEMSALES:豊胸剤
ITEMSALES:76 , ITEMSALES:縮胸剤
ITEMSALES:77 , ITEMSALES:抑プロラクチン薬
ITEMSALES:78 , ITEMSALES:３環系抗鬱薬
ITEMSALES:79 , ITEMSALES:黄色のキャンディ
ITEMSALES:90 , ITEMSALES:記憶消去薬
ITEMSALES:91 , ITEMSALES:排卵誘発剤
ITEMSALES:92 , ITEMSALES:子宮内避妊具
ITEMSALES:100 , ITEMSALES:ショウタ
ITEMSALES:101 , ITEMSALES:アイ
ITEMSALES:102 , ITEMSALES:マキ
ITEMSALES:103 , ITEMSALES:ゆかり
ITEMSALES:104 , ITEMSALES:ずん子
ITEMSALES:105 , ITEMSALES:茜
ITEMSALES:106 , ITEMSALES:葵
ITEMSALES:107 , ITEMSALES:コウ
ITEMSALES:108 , ITEMSALES:セイカ
ITEMSALES:109 , ITEMSALES:きりたん
ITEMSALES:149 , ITEMSALES:ささら
ITEMSALES:150 , ITEMSALES:つづみ
ITEMSALES:151 , ITEMSALES:タカハシ
ITEMSALES:152 , ITEMSALES:ＯＮＥ
ITEMSALES:153 , ITEMSALES:ＩＡ

;●刻印名称へ変換
MARKNAME:0 , MARKNAME:苦痛刻印
MARKNAME:1 , MARKNAME:快楽刻印
MARKNAME:2 , MARKNAME:屈服刻印
MARKNAME:3 , MARKNAME:反発刻印

;●MARK:調教者へ変換
MARK:PLAYER:0 , MARK:PLAYER:苦痛刻印
MARK:PLAYER:1 , MARK:PLAYER:快楽刻印
MARK:PLAYER:2 , MARK:PLAYER:屈服刻印
MARK:PLAYER:3 , MARK:PLAYER:反発刻印

;●MARK:主人へ変換
MARK:MASTER:0 , MARK:MASTER:苦痛刻印
MARK:MASTER:1 , MARK:MASTER:快楽刻印
MARK:MASTER:2 , MARK:MASTER:屈服刻印
MARK:MASTER:3 , MARK:MASTER:反発刻印

;●MARK:助手へ変換
MARK:ASSI:0 , MARK:ASSI:苦痛刻印
MARK:ASSI:1 , MARK:ASSI:快楽刻印
MARK:ASSI:2 , MARK:ASSI:屈服刻印
MARK:ASSI:3 , MARK:ASSI:反発刻印

;●MARK:奴隷へ変換
MARK:TARGET:0 , MARK:TARGET:苦痛刻印
MARK:TARGET:1 , MARK:TARGET:快楽刻印
MARK:TARGET:2 , MARK:TARGET:屈服刻印
MARK:TARGET:3 , MARK:TARGET:反発刻印

;●パラ名称へ変換
PALAMNAME:0 , PALAMNAME:快Ｃ
PALAMNAME:1 , PALAMNAME:快Ｖ
PALAMNAME:2 , PALAMNAME:快Ａ
PALAMNAME:3 , PALAMNAME:快Ｂ
PALAMNAME:4 , PALAMNAME:潤滑
PALAMNAME:5 , PALAMNAME:恭順
PALAMNAME:6 , PALAMNAME:欲情
PALAMNAME:7 , PALAMNAME:屈服
PALAMNAME:8 , PALAMNAME:習得
PALAMNAME:9 , PALAMNAME:恥情
PALAMNAME:10 , PALAMNAME:苦痛
PALAMNAME:11 , PALAMNAME:恐怖
PALAMNAME:12 , PALAMNAME:反感
PALAMNAME:13 , PALAMNAME:不快
PALAMNAME:14 , PALAMNAME:抑鬱
PALAMNAME:100 , PALAMNAME:否定

;●PARAM:調教者へ変換
PALAM:PLAYER:0 , PARAM:PLAYER:快Ｃ
PALAM:PLAYER:1 , PARAM:PLAYER:快Ｖ
PALAM:PLAYER:2 , PARAM:PLAYER:快Ａ
PALAM:PLAYER:3 , PARAM:PLAYER:快Ｂ
PALAM:PLAYER:4 , PARAM:PLAYER:潤滑
PALAM:PLAYER:5 , PARAM:PLAYER:恭順
PALAM:PLAYER:6 , PARAM:PLAYER:欲情
PALAM:PLAYER:7 , PARAM:PLAYER:屈服
PALAM:PLAYER:8 , PARAM:PLAYER:習得
PALAM:PLAYER:9 , PARAM:PLAYER:恥情
PALAM:PLAYER:10 , PARAM:PLAYER:苦痛
PALAM:PLAYER:11 , PARAM:PLAYER:恐怖
PALAM:PLAYER:12 , PARAM:PLAYER:反感
PALAM:PLAYER:13 , PARAM:PLAYER:不快
PALAM:PLAYER:14 , PARAM:PLAYER:抑鬱
PALAM:PLAYER:100 , PARAM:PLAYER:否定

;●PARAM:主人へ変換
PALAM:MASTER:0 , PARAM:MASTER:快Ｃ
PALAM:MASTER:1 , PARAM:MASTER:快Ｖ
PALAM:MASTER:2 , PARAM:MASTER:快Ａ
PALAM:MASTER:3 , PARAM:MASTER:快Ｂ
PALAM:MASTER:4 , PARAM:MASTER:潤滑
PALAM:MASTER:5 , PARAM:MASTER:恭順
PALAM:MASTER:6 , PARAM:MASTER:欲情
PALAM:MASTER:7 , PARAM:MASTER:屈服
PALAM:MASTER:8 , PARAM:MASTER:習得
PALAM:MASTER:9 , PARAM:MASTER:恥情
PALAM:MASTER:10 , PARAM:MASTER:苦痛
PALAM:MASTER:11 , PARAM:MASTER:恐怖
PALAM:MASTER:12 , PARAM:MASTER:反感
PALAM:MASTER:13 , PARAM:MASTER:不快
PALAM:MASTER:14 , PARAM:MASTER:抑鬱
PALAM:MASTER:100 , PARAM:MASTER:否定

;●PARAM:助手へ変換
PALAM:ASSI:0 , PARAM:ASSI:快Ｃ
PALAM:ASSI:1 , PARAM:ASSI:快Ｖ
PALAM:ASSI:2 , PARAM:ASSI:快Ａ
PALAM:ASSI:3 , PARAM:ASSI:快Ｂ
PALAM:ASSI:4 , PARAM:ASSI:潤滑
PALAM:ASSI:5 , PARAM:ASSI:恭順
PALAM:ASSI:6 , PARAM:ASSI:欲情
PALAM:ASSI:7 , PARAM:ASSI:屈服
PALAM:ASSI:8 , PARAM:ASSI:習得
PALAM:ASSI:9 , PARAM:ASSI:恥情
PALAM:ASSI:10 , PARAM:ASSI:苦痛
PALAM:ASSI:11 , PARAM:ASSI:恐怖
PALAM:ASSI:12 , PARAM:ASSI:反感
PALAM:ASSI:13 , PARAM:ASSI:不快
PALAM:ASSI:14 , PARAM:ASSI:抑鬱
PALAM:ASSI:100 , PARAM:ASSI:否定

;●PARAM:奴隷へ変換
PALAM:TARGET:0 , PARAM:TARGET:快Ｃ
PALAM:TARGET:1 , PARAM:TARGET:快Ｖ
PALAM:TARGET:2 , PARAM:TARGET:快Ａ
PALAM:TARGET:3 , PARAM:TARGET:快Ｂ
PALAM:TARGET:4 , PARAM:TARGET:潤滑
PALAM:TARGET:5 , PARAM:TARGET:恭順
PALAM:TARGET:6 , PARAM:TARGET:欲情
PALAM:TARGET:7 , PARAM:TARGET:屈服
PALAM:TARGET:8 , PARAM:TARGET:習得
PALAM:TARGET:9 , PARAM:TARGET:恥情
PALAM:TARGET:10 , PARAM:TARGET:苦痛
PALAM:TARGET:11 , PARAM:TARGET:恐怖
PALAM:TARGET:12 , PARAM:TARGET:反感
PALAM:TARGET:13 , PARAM:TARGET:不快
PALAM:TARGET:14 , PARAM:TARGET:抑鬱
PALAM:TARGET:100 , PARAM:TARGET:否定

;●パラ上昇へ変換
UP:0 , UP:快Ｃ
UP:1 , UP:快Ｖ
UP:2 , UP:快Ａ
UP:3 , UP:快Ｂ
UP:4 , UP:潤滑
UP:5 , UP:恭順
UP:6 , UP:欲情
UP:7 , UP:屈服
UP:8 , UP:習得
UP:9 , UP:恥情
UP:10 , UP:苦痛
UP:11 , UP:恐怖
UP:12 , UP:反感
UP:13 , UP:不快
UP:14 , UP:抑鬱
UP:100 , UP:否定

;●パラ下降へ変換
DOWN:0 , DOWN:快Ｃ
DOWN:1 , DOWN:快Ｖ
DOWN:2 , DOWN:快Ａ
DOWN:3 , DOWN:快Ｂ
DOWN:4 , DOWN:潤滑
DOWN:5 , DOWN:恭順
DOWN:6 , DOWN:欲情
DOWN:7 , DOWN:屈服
DOWN:8 , DOWN:習得
DOWN:9 , DOWN:恥情
DOWN:10 , DOWN:苦痛
DOWN:11 , DOWN:恐怖
DOWN:12 , DOWN:反感
DOWN:13 , DOWN:不快
DOWN:14 , DOWN:抑鬱
DOWN:100 , DOWN:否定

;根源はダメだろ…
;●SOURCEの変換
SOURCE:0 , SOURCE:快Ｃ
SOURCE:1 , SOURCE:快Ｖ
SOURCE:2 , SOURCE:快Ａ
SOURCE:3 , SOURCE:情愛
SOURCE:4 , SOURCE:性行動
SOURCE:5 , SOURCE:達成感
SOURCE:6 , SOURCE:痛み
SOURCE:7 , SOURCE:中毒充足
SOURCE:8 , SOURCE:不潔
SOURCE:10 , SOURCE:液体追加
SOURCE:11 , SOURCE:欲情追加
SOURCE:16 , SOURCE:恭順追加
SOURCE:12 , SOURCE:露出
SOURCE:13 , SOURCE:屈従
SOURCE:14 , SOURCE:逸脱
SOURCE:15 , SOURCE:反感追加
SOURCE:17 , SOURCE:快Ｂ

;●通算絶頂回数へ変換
EX:0 , EX:Ｃ絶頂
EX:1 , EX:Ｖ絶頂
EX:2 , EX:Ａ絶頂
EX:3 , EX:Ｂ絶頂

;●調教絶頂回数へ変換
NOWEX:0 , NOWEX:Ｃ絶頂
NOWEX:1 , NOWEX:Ｖ絶頂
NOWEX:2 , NOWEX:Ａ絶頂
NOWEX:3 , NOWEX:Ｂ絶頂

;●汚れへ変換
STAIN:0 , STAIN:口
STAIN:1 , STAIN:手
STAIN:2 , STAIN:ペニス
STAIN:3 , STAIN:ヴァギナ
STAIN:4 , STAIN:アナル
STAIN:5 , STAIN:胸

;●STAIN:調教者へ変換
STAIN:PLAYER:0 , STAIN:PLAYER:口
STAIN:PLAYER:1 , STAIN:PLAYER:手
STAIN:PLAYER:2 , STAIN:PLAYER:ペニス
STAIN:PLAYER:3 , STAIN:PLAYER:ヴァギナ
STAIN:PLAYER:4 , STAIN:PLAYER:アナル
STAIN:PLAYER:5 , STAIN:PLAYER:胸

;●STAIN:主人へ変換
STAIN:MASTER:0 , STAIN:MASTER:口
STAIN:MASTER:1 , STAIN:MASTER:手
STAIN:MASTER:2 , STAIN:MASTER:ペニス
STAIN:MASTER:3 , STAIN:MASTER:ヴァギナ
STAIN:MASTER:4 , STAIN:MASTER:アナル
STAIN:MASTER:5 , STAIN:MASTER:胸

;●STAIN:助手へ変換
STAIN:ASSI:0 , STAIN:ASSI:口
STAIN:ASSI:1 , STAIN:ASSI:手
STAIN:ASSI:2 , STAIN:ASSI:ペニス
STAIN:ASSI:3 , STAIN:ASSI:ヴァギナ
STAIN:ASSI:4 , STAIN:ASSI:アナル
STAIN:ASSI:5 , STAIN:ASSI:胸

;●STAIN:奴隷へ変換
STAIN:TARGET:0 , STAIN:TARGET:口
STAIN:TARGET:1 , STAIN:TARGET:手
STAIN:TARGET:2 , STAIN:TARGET:ペニス
STAIN:TARGET:3 , STAIN:TARGET:ヴァギナ
STAIN:TARGET:4 , STAIN:TARGET:アナル
STAIN:TARGET:5 , STAIN:TARGET:胸

;CFLAG
CFLAG:TARGET:1000 , CFLAG:TARGET:ルート