;快感系は0～9に固定
0,Ｃ感
1,Ｖ感
2,Ａ感
3,Ｂ感
4,Ｍ感
5,Ｕ感

12,欲望
13,性技
14,性知識
;15,衣装嗜好

20,奉仕
21,性交
22,レズ
23,ＢＬ
24,露出
25,自慰
26,精愛
27,射精
28,噴乳
29,排泄
30,触手
31,出産
32,肝臓
33,マゾ
34,サド
35,催眠

50,白兵
51,操艦
52,知略
53,政治
54,超能力
55,目星

60,歌唱
61,料理
62,話術
63,社交

;白兵武器用ステータス
71,攻撃力,
72,防御力
73,軽減値,
74,行動力,
75,敵視,
76,隠蔽性,
77,作戦,

;ライブ活動関連ステータス
81,演技力ＣＯ, ;COOL
82,演技力ＣＵ, ;CUTE
83,演技力ＰＡ, ;PASSION
84,演技力ＬＥ, ;LEWD

90,主導度Ｎ,;SM傾向を表す(-1000～1000) 日常
91,主導度Ｕ,;SM傾向を表す(-1000～1000) ウフフ
92,倒錯度,;ハードなプレイを好むかどうかを表す(0～1000)
99,野心

